Date,Open,High,Low,Close,Adjusted_close,Volume
2009-01-02,14.69,15.25,14.47,15.2,10.8446,52208200
2009-01-05,15.07,15.29,14.81,14.91,10.6378,57320400
2009-01-06,15.09,15.51,15.08,15.37,10.9659,61631400
2009-01-07,14.79,15.06,14.34,14.44,10.3021,131389200
2009-01-08,14.45,14.57,14.25,14.55,10.3805,63101600
2009-01-09,14.59,14.6,14.02,14.15,10.0955,45551100
2009-01-12,14.16,14.3,13.62,13.79,9.8383,54082500
2009-01-13,13.59,14.18,13.45,13.67,9.7527,65565100
2009-01-14,13.46,13.63,12.97,13.08,9.3319,69549600
2009-01-15,13.01,13.45,12.71,13.29,9.4818,73153900
2009-01-16,13.88,13.96,13.27,13.74,9.8027,83985300
2009-01-20,13.56,13.74,12.81,12.86,9.1749,71563900
2009-01-21,13.01,13.26,12.5,13.26,9.4605,56622000
2009-01-22,12.83,13.07,12.55,12.82,9.1465,72704000
2009-01-23,12.85,13.39,12.58,13.12,9.3603,63162200
2009-01-26,13.08,13.58,13.03,13.38,9.5458,49562500
2009-01-27,13.51,13.95,13.5,13.81,9.8528,45615800
2009-01-28,14.13,14.27,13.79,14.01,9.9957,57065400
2009-01-29,13.85,13.85,13.31,13.37,9.5389,51354500
2009-01-30,13.45,13.5,12.9,12.9,9.2037,47000100
2009-02-02,12.82,13.71,12.75,13.63,9.7242,69886500
2009-02-03,13.67,13.79,13.29,13.73,9.7958,56695700
2009-02-04,13.78,14.56,13.71,13.88,10.005,77692400
2009-02-05,13.65,14.4,13.53,14.25,10.2715,61024500
2009-02-06,14.44,14.88,14.21,14.73,10.6173,62677300
2009-02-09,14.64,15.05,14.54,14.91,10.7472,64735500
2009-02-10,14.78,15.15,14.04,14.08,10.1487,94001200
2009-02-11,14.26,14.32,13.73,14.08,10.1487,57378700
2009-02-12,13.81,14,13.49,14,10.0912,76366300
2009-02-13,13.91,14.26,13.85,13.88,10.005,55953700
2009-02-17,13.56,13.73,13.21,13.21,9.5219,60690300
2009-02-18,13.32,13.7,13.09,13.36,9.6299,51305600
2009-02-19,13.33,13.38,12.67,12.68,9.1398,56175100
2009-02-20,12.53,13.02,12.53,12.78,9.2118,73617900
2009-02-23,12.9,12.91,12.05,12.08,8.7072,88416500
2009-02-24,12.17,12.81,12.09,12.73,9.1755,74644300
2009-02-25,12.72,13.48,12.58,13.03,9.3922,108225000
2009-02-26,13.32,13.6,12.66,12.71,9.1614,69012700
2009-02-27,12.5,13.14,12.49,12.74,9.1829,69764500
2009-03-02,12.51,13.02,12.31,12.31,8.8732,64495900
2009-03-03,12.48,12.63,12.14,12.28,8.8517,76602000
2009-03-04,12.7,13.05,12.36,12.76,9.1972,84412100
2009-03-05,12.56,12.86,12.3,12.31,8.8732,76644500
2009-03-06,12.43,12.92,12.07,12.41,8.9452,79191400
2009-03-09,12.33,13,12.3,12.55,9.0462,87044700
2009-03-10,12.8,13.95,12.75,13.92,10.0333,92478000
2009-03-11,14.05,14.1,13.64,13.96,10.0626,82085400
2009-03-12,14.24,14.6,13.88,14.52,10.4659,84846000
2009-03-13,14.57,14.7,14.21,14.7,10.5959,66631100
2009-03-16,14.79,14.85,14.14,14.25,10.2715,72651200
2009-03-17,14.32,14.9,14.25,14.9,10.7401,64928700
2009-03-18,14.9,15.41,14.72,15.24,10.9848,91361600
2009-03-19,15.39,15.39,14.72,15.15,10.9202,66560800
2009-03-20,15.19,15.4,14.35,14.65,10.5597,84639100
2009-03-23,15.02,15.54,14.94,15.52,11.187,64167500
2009-03-24,15.26,15.41,15,15,10.8122,59468600
2009-03-25,15.08,15.71,14.71,14.94,10.769,94510300
2009-03-26,15.23,15.89,15.18,15.82,11.4029,77554300
2009-03-27,15.49,15.66,15.26,15.42,11.1148,45694300
2009-03-30,15.09,15.1,14.48,14.72,10.6103,55433000
2009-03-31,14.91,15.37,14.9,15.03,10.8337,62044500
2009-04-01,14.77,15.32,14.62,15.03,10.8337,75052800
2009-04-02,15.38,16,15.26,15.7,11.3166,77688000
2009-04-03,15.63,15.96,15.35,15.95,11.4968,51137100
2009-04-06,15.65,15.87,15.45,15.86,11.4315,47650800
2009-04-07,15.6,15.78,15.26,15.45,11.1365,52741800
2009-04-08,15.35,15.73,15.15,15.27,11.0065,68332300
2009-04-09,15.62,16.07,15.6,15.98,11.5183,58560100
2009-04-13,15.81,16.09,15.56,15.98,11.5183,45423200
2009-04-14,15.98,16.39,15.8,16.01,11.54,92083600
2009-04-15,15.36,15.68,15.11,15.62,11.2589,152727500
2009-04-16,15.84,15.93,15.4,15.89,11.4534,68775100
2009-04-17,15.88,15.89,15.45,15.6,11.2446,67299700
2009-04-20,15.36,15.37,15,15,10.8122,66489000
2009-04-21,14.98,15.52,14.96,15.36,11.0714,85204200
2009-04-22,15.19,16.11,15.08,15.67,11.2947,95293600
2009-04-23,15.68,15.79,15.1,15.53,11.1938,74517400
2009-04-24,15.61,15.74,15.3,15.62,11.2589,67621900
2009-04-27,15.31,15.63,15.21,15.28,11.0136,64601800
2009-04-28,15.12,15.41,15.04,15.05,10.8481,55510200
2009-04-29,15.2,15.55,15.07,15.35,11.0641,60855600
2009-04-30,15.61,16.16,15.5,15.78,11.3742,77775200
2009-05-01,15.76,15.85,15.48,15.81,11.3959,50861600
2009-05-04,16.29,16.74,16.14,16.66,12.0084,88096300
2009-05-05,16.53,16.53,15.93,16.16,11.7468,67894300
2009-05-06,16.43,16.44,15.97,16.12,11.718,66328400
2009-05-07,16.31,16.37,15.48,15.77,11.4633,90338200
2009-05-08,15.87,15.93,15.2,15.29,11.1145,94098000
2009-05-11,15.09,15.63,15,15.37,11.1724,69490100
2009-05-12,15.49,15.53,15,15.21,11.0564,73714000
2009-05-13,15.36,15.47,15.09,15.13,10.9979,75872500
2009-05-14,15.16,15.69,15.15,15.54,11.296,71224300
2009-05-15,15.54,15.61,15.15,15.19,11.0417,61813300
2009-05-18,15.32,15.55,15.18,15.52,11.2815,44691600
2009-05-19,15.47,15.91,15.27,15.65,11.3761,59048200
2009-05-20,15.81,16.05,15.49,15.58,11.325,60337700
2009-05-21,15.36,15.43,15.05,15.18,11.0344,59548500
2009-05-22,15.23,15.26,15.01,15.05,10.9401,44344900
2009-05-26,15.01,15.51,15,15.48,11.2524,64342900
2009-05-27,15.5,15.86,15.34,15.46,11.2382,60488000
2009-05-28,15.56,15.72,15.15,15.72,11.4269,59109200
2009-05-29,15.75,15.79,15.24,15.72,11.4269,77293300
2009-06-01,16.03,16.59,15.97,16.5,11.9941,75465600
2009-06-02,16.25,16.54,16.05,16.19,11.7686,58397000
2009-06-03,15.97,16.04,15.72,15.94,11.5871,49799000
2009-06-04,15.98,16.25,15.88,16.13,11.7251,49080500
2009-06-05,16.3,16.45,15.79,15.92,11.5724,62834200
2009-06-08,15.86,16.1,15.61,15.92,11.5724,44070000
2009-06-09,16.21,16.61,16.13,16.42,11.9358,64051300
2009-06-10,16.58,16.61,16.15,16.46,11.965,48782300
2009-06-11,16.49,16.7,16.3,16.35,11.8852,53221200
2009-06-12,16.24,16.31,16.02,16.31,11.8561,47621900
2009-06-15,16.05,16.17,15.72,15.98,11.6159,60420500
2009-06-16,16.05,16.19,15.8,15.86,11.5288,54084700
2009-06-17,15.83,16.29,15.81,16.14,11.7322,59351300
2009-06-18,16.16,16.22,15.84,15.87,11.5362,57990500
2009-06-19,16.05,16.18,15.85,16.01,11.6378,71511000
2009-06-22,15.9,16.17,15.63,15.68,11.3981,70833600
2009-06-23,15.88,15.99,15.61,15.81,11.4924,70659600
2009-06-24,16.04,16.32,15.99,16.1,11.7032,53321600
2009-06-25,16.05,16.35,15.91,16.31,11.8561,55503100
2009-06-26,16.18,16.43,16.14,16.29,11.8412,70252000
2009-06-29,16.45,16.66,16.27,16.38,11.9064,59308200
2009-06-30,16.38,16.64,16.24,16.55,12.0303,67489500
2009-07-01,16.67,17.31,16.67,17.04,12.3867,92515000
2009-07-02,16.87,16.95,16.68,16.72,12.1538,54945500
2009-07-06,16.61,16.84,16.37,16.54,12.0231,47324300
2009-07-07,16.83,16.93,16.2,16.25,11.8121,69194600
2009-07-08,16.31,16.36,15.78,15.94,11.5871,80897100
2009-07-09,16.09,16.28,15.96,16.02,11.6451,65658200
2009-07-10,15.98,16.22,15.86,16.04,11.6596,51148600
2009-07-13,16.15,16.54,15.9,16.49,11.9866,61791800
2009-07-14,16.5,16.89,16.46,16.83,12.2339,95548700
2009-07-15,17.99,18.19,17.72,18.05,13.1208,186137900
2009-07-16,17.94,18.59,17.94,18.5,13.4478,90052900
2009-07-17,18.5,18.81,18.25,18.79,13.6587,84212400
2009-07-20,18.86,18.93,18.52,18.9,13.7385,77865900
2009-07-21,18.9,18.92,18.51,18.9,13.7385,63780400
2009-07-22,18.87,19.28,18.84,19.14,13.9131,141096200
2009-07-23,19.09,19.58,18.99,19.48,14.1606,151443300
2009-07-24,19.13,19.4,19.01,19.36,14.073,51683400
2009-07-27,19.29,19.49,19.15,19.47,14.1525,42326100
2009-07-28,19.29,19.46,19.05,19.37,14.0803,60037100
2009-07-29,19.29,19.44,19.11,19.4,14.1018,50331700
2009-07-30,19.57,19.8,19.3,19.33,14.0514,60640900
2009-07-31,19.34,19.56,19.25,19.25,13.9929,47557600
2009-08-03,19.48,19.56,19.18,19.37,14.0803,44330800
2009-08-04,19.21,19.38,19.15,19.32,14.0438,46880800
2009-08-05,19.27,19.3,18.86,18.86,13.8096,60035000
2009-08-06,18.93,19.18,18.56,18.7,13.6925,66862100
2009-08-07,18.91,19,18.5,18.5,13.546,59429500
2009-08-10,18.6,18.83,18.56,18.76,13.7365,46899600
2009-08-11,18.7,18.95,18.62,18.64,13.6487,32772600
2009-08-12,18.69,19.09,18.66,18.81,13.7731,52940100
2009-08-13,18.97,19.08,18.78,19.05,13.9484,44091800
2009-08-14,18.97,19,18.58,18.77,13.7438,43590800
2009-08-17,18.43,18.58,18.41,18.45,13.5094,48360500
2009-08-18,18.5,18.87,18.46,18.77,13.7438,42482600
2009-08-19,18.55,18.89,18.51,18.8,13.7658,48165500
2009-08-20,18.73,18.81,18.56,18.71,13.6998,44858000
2009-08-21,18.89,18.92,18.55,18.89,13.8313,55163300
2009-08-24,18.97,19,18.66,18.76,13.7365,38709600
2009-08-25,18.76,19.25,18.74,19.1,13.9852,62060100
2009-08-26,19.21,19.49,19.13,19.43,14.2268,61587600
2009-08-27,19.35,19.53,19.16,19.47,14.2565,51412600
2009-08-28,20.26,20.65,20.17,20.25,14.8275,105102800
2009-08-31,20.09,20.38,19.97,20.32,14.8787,53486200
2009-09-01,20.22,20.58,19.66,19.72,14.4392,74478300
2009-09-02,19.62,19.83,19.47,19.47,14.2565,41572500
2009-09-03,19.61,19.63,19.23,19.42,14.2197,47507500
2009-09-04,19.43,19.69,19.28,19.64,14.3806,47277800
2009-09-08,19.88,19.99,19.55,19.8,14.4978,45582000
2009-09-09,19.8,20.15,19.61,19.93,14.5933,48804700
2009-09-10,19.88,20.08,19.65,19.76,14.4687,49461000
2009-09-11,19.9,19.94,19.37,19.51,14.2857,59413200
2009-09-14,19.31,19.49,19.28,19.36,14.1758,52416900
2009-09-15,19.54,19.71,19.36,19.55,14.3149,48283500
2009-09-16,19.7,19.75,19.44,19.65,14.3879,49554100
2009-09-17,19.63,19.89,19.22,19.41,14.2122,64594100
2009-09-18,19.52,19.7,19.37,19.56,14.3221,53493800
2009-09-21,19.47,19.76,19.42,19.54,14.3075,36161000
2009-09-22,19.63,19.73,19.45,19.53,14.3001,38173500
2009-09-23,19.63,20.24,19.6,19.88,14.5564,72090600
2009-09-24,19.9,20,19.45,19.54,14.3075,52362100
2009-09-25,19.45,19.59,19.3,19.37,14.1826,39476400
2009-09-28,19.41,19.93,19.4,19.74,14.4541,37809400
2009-09-29,19.67,19.78,19.44,19.48,14.2634,42035200
2009-09-30,19.61,19.79,19.25,19.57,14.3295,64725300
2009-10-01,19.49,19.53,18.89,18.9,13.8388,70648800
2009-10-02,18.95,19.22,18.95,18.97,13.8904,58171800
2009-10-05,19.12,19.27,18.95,19.1,13.9852,56630400
2009-10-06,19.3,19.78,19.28,19.63,14.3734,74185400
2009-10-07,19.63,19.87,19.47,19.75,14.4611,49526400
2009-10-08,19.74,19.98,19.5,19.88,14.5564,74199400
2009-10-09,19.84,20.32,19.81,20.17,14.7687,55944900
2009-10-12,20.38,20.65,20.24,20.4,14.937,65087300
2009-10-13,20.51,20.69,20.35,20.49,15.003,116652700
2009-10-14,21.26,21.27,20.78,20.83,15.2518,164972400
2009-10-15,20.81,20.93,20.54,20.67,15.1346,80532900
2009-10-16,20.47,20.57,20.02,20.18,14.7761,75760800
2009-10-19,20.29,20.48,20.05,20.41,14.9446,68147600
2009-10-20,20.47,20.58,20.11,20.18,14.7761,67829000
2009-10-21,20.17,20.42,19.66,19.86,14.542,88171800
2009-10-22,19.87,20.18,19.62,20.12,14.732,66659000
2009-10-23,20.4,20.4,19.61,19.78,14.4831,82639200
2009-10-26,19.78,20.04,19.56,19.83,14.5198,63005700
2009-10-27,20.01,20.13,19.67,19.74,14.4541,68171500
2009-10-28,19.6,19.75,19.02,19.03,13.9338,87595200
2009-10-29,19.17,19.41,19.1,19.22,14.0732,77273500
2009-10-30,19.31,19.34,18.74,19.11,13.9926,92276300
2009-11-02,19.05,19.15,18.75,19.01,13.9194,63613700
2009-11-03,18.63,18.65,18.31,18.5,13.546,101618400
2009-11-04,18.61,18.83,18.5,18.59,13.7156,85837100
2009-11-05,18.72,19.11,18.62,18.89,13.9372,66146600
2009-11-06,18.81,19.11,18.74,18.93,13.9668,44158900
2009-11-09,19.15,19.46,19.12,19.46,14.3577,51383100
2009-11-10,19.43,19.69,19.42,19.5,14.3869,59517800
2009-11-11,19.65,19.9,19.64,19.84,14.6379,61333700
2009-11-12,20,20.5,19.63,19.68,14.5199,77009600
2009-11-13,19.72,19.95,19.58,19.82,14.6232,43957400
2009-11-16,20.11,20.32,20.01,20.23,14.9257,64782200
2009-11-17,20.1,20.35,20,20.32,14.9921,37596600
2009-11-18,20.24,20.28,20,20.12,14.8443,43215700
2009-11-19,19.4,19.4,18.95,19.3,14.2393,108665100
2009-11-20,19.16,19.31,19.08,19.24,14.1954,49130500
2009-11-23,19.48,19.5,19.32,19.4,14.3129,42994500
2009-11-24,19.44,19.5,19.25,19.39,14.3059,52428500
2009-11-25,19.49,19.5,19.28,19.34,14.2688,46706900
2009-11-27,18.91,19.25,18.82,19.11,14.0995,35747700
2009-11-30,19.11,19.26,19,19.2,14.1653,48593600
2009-12-01,19.46,19.69,19.45,19.66,14.505,47225800
2009-12-02,19.7,19.84,19.55,19.72,14.5495,35774000
2009-12-03,19.76,20.08,19.7,19.87,14.66,49758300
2009-12-04,20.19,20.59,20.15,20.46,15.0955,86311300
2009-12-07,20.21,20.51,20.19,20.37,15.0288,47082900
2009-12-08,20.25,20.28,19.8,19.99,14.7486,63988900
2009-12-09,19.99,20.08,19.71,20.01,14.7636,53660100
2009-12-10,20.16,20.23,20.03,20.15,14.8663,43211800
2009-12-11,20.2,20.23,19.81,19.9,14.6821,39141600
2009-12-14,20.02,20.11,19.9,19.98,14.7413,35705000
2009-12-15,19.84,20.06,19.68,19.8,14.6083,43142500
2009-12-16,19.5,19.8,19.28,19.38,14.2986,96648500
2009-12-17,19.24,19.29,19.07,19.07,14.0696,52267400
2009-12-18,19.21,19.71,19.1,19.63,14.4828,98974800
2009-12-21,19.98,20.33,19,20.09,14.8222,56874600
2009-12-22,20.15,20.3,19.95,20.04,14.7854,36092900
2009-12-23,20.06,20.24,20.03,20.1,14.8299,30573800
2009-12-24,20.2,20.35,20.18,20.33,14.9994,12189200
2009-12-28,20.41,20.5,20.16,20.3,14.9773,27397000
2009-12-29,20.41,20.48,20.23,20.4,15.0511,29331800
2009-12-30,20.25,20.6,20.25,20.59,15.1911,26273600
2009-12-31,20.6,20.72,20.4,20.4,15.0511,26429200
2010-01-04,20.79,21.03,20.73,20.88,15.405,47800900
2010-01-05,20.94,20.99,20.6,20.87,15.398,52357700
2010-01-06,20.81,20.93,20.67,20.8,15.3461,40037400
2010-01-07,20.73,20.76,20.34,20.6,15.1986,54041500
2010-01-08,20.54,20.89,20.4,20.83,15.3686,48234700
2010-01-11,21.11,21.15,20.82,20.95,15.4566,51086400
2010-01-12,20.87,20.9,20.38,20.61,15.2061,69958400
2010-01-13,20.72,21.08,20.44,20.96,15.4647,71446700
2010-01-14,21.11,21.55,21.05,21.48,15.8481,150821600
2010-01-15,21.39,21.4,20.77,20.8,15.3461,198078600
2010-01-19,20.9,21.17,20.85,21.05,15.5305,82573500
2010-01-20,20.99,21.14,20.85,21.08,15.5528,65670100
2010-01-21,21.15,21.31,20.68,20.84,15.3759,73633300
2010-01-22,20.77,20.79,19.81,19.91,14.6898,116302400
2010-01-25,20.24,20.58,20.14,20.32,14.9921,73785600
2010-01-26,20.18,20.38,19.95,20,14.7558,65298900
2010-01-27,20,20.33,19.82,20.24,14.9331,74926200
2010-01-28,20.3,20.39,19.68,19.92,14.697,76974600
2010-01-29,20.13,20.23,19.3,19.4,14.3129,96053900
2010-02-01,19.47,19.75,19.44,19.61,14.4684,50338300
2010-02-02,19.68,20.04,19.56,19.91,14.6898,63332500
2010-02-03,19.78,19.88,19.47,19.68,14.6359,45582300
2010-02-04,19.57,19.58,18.95,19.02,14.1453,90931100
2010-02-05,19.1,19.58,19,19.47,14.4796,88711700
2010-02-08,19.48,19.79,19.3,19.35,14.3906,62563200
2010-02-09,19.64,19.89,19.44,19.65,14.6138,69454100
2010-02-10,19.59,19.87,19.45,19.69,14.6436,56250600
2010-02-11,19.63,20.2,19.55,20.06,14.9184,58837300
2010-02-12,19.96,20.68,19.79,20.43,15.194,91108900
2010-02-16,20.62,20.85,20.55,20.72,15.4096,69083400
2010-02-17,20.86,20.86,20.53,20.66,15.3648,47296700
2010-02-18,20.64,20.85,20.55,20.84,15.499,42613600
2010-02-19,20.72,20.97,20.58,20.82,15.4838,40760000
2010-02-22,20.95,20.96,20.65,20.87,15.5209,38730600
2010-02-23,20.84,20.95,20.29,20.39,15.1637,62245300
2010-02-24,20.52,20.81,20.5,20.7,15.3943,51070100
2010-02-25,20.37,20.66,20.22,20.63,15.3423,48789400
2010-02-26,20.6,20.68,20.43,20.53,15.2683,47795300
2010-03-01,20.68,20.94,20.62,20.87,15.5209,51203300
2010-03-02,20.99,21.09,20.58,20.7,15.3943,59399000
2010-03-03,20.76,20.82,20.44,20.52,15.2609,49909900
2010-03-04,20.6,20.61,20.26,20.53,15.2683,62750100
2010-03-05,20.66,20.84,20.45,20.79,15.4615,45879700
2010-03-08,20.81,20.88,20.7,20.77,15.4466,35742100
2010-03-09,20.68,21.2,20.66,20.94,15.573,83168700
2010-03-10,20.95,21.29,20.91,21.19,15.759,58435600
2010-03-11,21.14,21.27,20.99,21.25,15.8035,53778700
2010-03-12,21.31,21.37,21.18,21.27,15.8188,39584500
2010-03-15,21.16,21.32,21.05,21.17,15.7441,34378000
2010-03-16,21.23,22.04,21.2,22.01,16.3688,123060900
2010-03-17,22.06,22.35,21.91,22.24,16.5397,77805900
2010-03-18,22.19,22.35,22.01,22.2,16.51,54458500
2010-03-19,22.25,22.39,21.81,21.99,16.3539,77998500
2010-03-22,21.87,22.3,21.84,22.24,16.5397,47405700
2010-03-23,22.39,22.75,22.36,22.67,16.8597,64740900
2010-03-24,22.53,22.67,22.32,22.43,16.6813,54729000
2010-03-25,22.69,22.73,22.31,22.35,16.6218,52428700
2010-03-26,22.43,22.59,22.07,22.24,16.5397,45700500
2010-03-29,22.42,22.49,22.26,22.33,16.6068,34467900
2010-03-30,22.4,22.54,22.18,22.34,16.6142,37886300
2010-03-31,22.32,22.5,22.2,22.29,16.5773,45983800
2010-04-01,22.4,22.64,22.2,22.39,16.6515,45491000
2010-04-05,22.48,22.65,22.34,22.59,16.8002,34942900
2010-04-06,22.43,22.48,22.26,22.4,16.6587,47056500
2010-04-07,22.43,22.68,22.25,22.45,16.6958,62539800
2010-04-08,22.38,22.41,22.16,22.31,16.5922,40824500
2010-04-09,22.4,22.57,22.36,22.55,16.7708,45528700
2010-04-12,22.69,22.73,22.44,22.54,16.763,49353000
2010-04-13,22.65,22.82,22.47,22.77,16.934,122395600
2010-04-14,23.57,23.69,23.27,23.52,17.492,159980600
2010-04-15,23.83,24.37,23.8,24.22,18.0123,110819600
2010-04-16,24.06,24.16,23.77,23.92,17.7894,102974900
2010-04-19,23.91,24.04,23.54,24,17.8488,71310800
2010-04-20,24.2,24.25,23.9,24.12,17.9382,65991400
2010-04-21,24.1,24.13,23.54,23.8,17.6998,73899300
2010-04-22,23.55,24.06,23.32,23.99,17.8414,73666100
2010-04-23,23.95,24.06,23.73,24.04,17.8784,56963700
2010-04-26,24.08,24.13,23.81,23.82,17.715,57727600
2010-04-27,23.73,23.88,23.3,23.35,17.3657,78937600
2010-04-28,23.41,23.46,22.91,23.26,17.2985,109052100
2010-04-29,23.33,23.51,23.3,23.49,17.4695,59059400
2010-04-30,23.45,23.46,22.81,22.84,16.9862,81864000
2010-05-03,22.98,23.44,22.9,23.26,17.2985,55449900
2010-05-04,22.93,22.95,22.4,22.56,16.7779,90704300
2010-05-05,22.1,22.38,21.9,22.17,16.6046,96854100
2010-05-06,22.15,22.38,19.9,21.51,16.1097,160695900
2010-05-07,21.26,21.7,20.46,21.31,15.9598,139360500
2010-05-10,22.29,22.56,22.16,22.55,16.889,112607400
2010-05-11,22.32,22.86,22.1,22.28,16.6864,102689700
2010-05-12,22.6,23.14,22.49,23.09,17.293,83343400
2010-05-13,23.03,23.17,22.36,22.5,16.8511,62099000
2010-05-14,22.19,22.21,21.53,21.89,16.3943,83526200
2010-05-17,21.75,22.05,21.41,22.02,16.492,64550400
2010-05-18,22.14,22.23,21.33,21.43,16.0498,76636100
2010-05-19,21.52,21.71,21,21.6,16.1772,89530600
2010-05-20,21.02,21.24,20.63,20.79,15.5705,106551000
2010-05-21,20.41,21.17,20.18,20.91,15.6603,111769100
2010-05-24,20.95,21.22,20.61,20.67,15.4807,56436100
2010-05-25,20.12,20.87,20.03,20.85,15.6154,96151400
2010-05-26,21.1,21.5,20.7,20.7,15.5031,85666800
2010-05-27,21.16,21.8,21.12,21.76,16.297,83236800
2010-05-28,21.68,21.75,21.23,21.42,16.0423,72712600
2010-06-01,21.3,21.74,21.13,21.18,15.8627,57164500
2010-06-02,21.39,21.83,21.16,21.81,16.3346,61537200
2010-06-03,21.96,22,21.47,21.9,16.402,54614400
2010-06-04,21.54,21.6,20.79,20.95,15.6905,67919400
2010-06-07,20.94,21.03,20.24,20.31,15.2111,65435200
2010-06-08,20.22,20.23,19.74,20.18,15.114,91377800
2010-06-09,20.39,20.6,19.86,19.93,14.9264,58981200
2010-06-10,20.35,20.6,20.25,20.55,15.391,57168300
2010-06-11,20.31,20.75,20.28,20.64,15.458,49491800
2010-06-14,20.95,21.14,20.82,20.89,15.6455,68877500
2010-06-15,21.11,21.56,21.01,21.48,16.0875,62082000
2010-06-16,21.41,21.65,21.21,21.49,16.0945,43764600
2010-06-17,21.59,21.69,21.2,21.52,16.1175,37270900
2010-06-18,21.56,21.65,21.18,21.4,16.0277,64872600
2010-06-21,21.67,21.69,21.06,21.19,15.8699,48844300
2010-06-22,21.13,21.33,20.86,20.98,15.7128,58831100
2010-06-23,20.94,21.02,20.66,20.81,15.5856,61352400
2010-06-24,20.62,20.79,20.2,20.32,15.2187,62003900
2010-06-25,20.4,20.41,19.89,20.03,15.0013,94683200
2010-06-28,20.11,20.59,19.91,20.36,15.2486,54468400
2010-06-29,20,20.05,19.65,19.79,14.8214,79050800
2010-06-30,19.7,20.03,19.4,19.45,14.5669,64294700
2010-07-01,19.43,19.62,19,19.25,14.4174,88020000
2010-07-02,19.21,19.37,18.96,19.2,14.3795,58093400
2010-07-06,19.55,19.76,19.25,19.48,14.5894,60697600
2010-07-07,19.46,20.17,19.39,20.14,15.0838,72806800
2010-07-08,20.34,20.36,19.83,20.1,15.0534,65407600
2010-07-09,20.06,20.28,19.96,20.24,15.1589,52843800
2010-07-12,20.31,20.65,20.3,20.57,15.4055,56587900
2010-07-13,20.97,22.28,20.82,21.01,15.7354,103191800
2010-07-14,22.06,22.25,21.28,21.36,15.9975,199002600
2010-07-15,21.34,21.59,21.01,21.51,16.1097,118558200
2010-07-16,21.43,21.48,21,21.02,15.7428,80451500
2010-07-19,21.17,21.61,21.16,21.59,16.1696,63430400
2010-07-20,21.16,21.73,21.1,21.65,16.2148,72666400
2010-07-21,21.57,21.65,21.18,21.26,15.9225,71775300
2010-07-22,21.35,21.98,21.34,21.78,16.312,74465500
2010-07-23,21.64,21.72,21.33,21.69,16.2448,62115500
2010-07-26,21.68,21.74,21.41,21.71,16.2594,50929500
2010-07-27,21.68,21.74,21.39,21.58,16.1625,53975800
2010-07-28,21.64,21.69,21.29,21.33,15.9751,51673900
2010-07-29,21.39,21.48,20.76,21.03,15.7502,83811400
2010-07-30,20.77,20.92,20.58,20.6,15.4281,67395900
2010-08-02,20.9,21.28,20.73,21.15,15.8401,50316200
2010-08-03,21.01,21.03,20.71,20.87,15.6303,60929200
2010-08-04,20.81,20.86,20.45,20.73,15.644,85639700
2010-08-05,20.64,20.79,20.46,20.67,15.5987,44475000
2010-08-06,20.45,20.81,20.41,20.65,15.5836,50833800
2010-08-09,20.79,20.79,20.41,20.65,15.5836,46082800
2010-08-10,20.11,20.17,19.7,19.82,14.9572,136352400
2010-08-11,19.53,19.58,19.3,19.43,14.6631,99079200
2010-08-12,19.17,19.73,19.08,19.45,14.678,86580600
2010-08-13,19.33,19.49,19.15,19.15,14.4515,57384800
2010-08-16,19.14,19.56,19.11,19.47,14.6931,48721100
2010-08-17,19.72,19.87,19.5,19.53,14.7383,60836400
2010-08-18,19.53,19.78,19.47,19.59,14.7838,58982400
2010-08-19,18.97,19.13,18.81,18.9,14.2629,159900400
2010-08-20,18.92,19,18.76,18.91,14.2705,95174400
2010-08-23,18.92,18.98,18.6,18.7,14.1119,71954400
2010-08-24,18.56,18.68,18.39,18.41,13.8933,75107400
2010-08-25,18.26,18.59,18.18,18.48,13.9458,63350600
2010-08-26,18.6,18.61,18.12,18.18,13.7198,69586000
2010-08-27,18.23,18.52,17.81,18.37,13.863,135184300
2010-08-30,18.25,18.31,17.94,17.96,13.5537,73718900
2010-08-31,17.88,17.92,17.6,17.67,13.3349,111601400
2010-09-01,17.94,18.27,17.89,18.14,13.6895,73611500
2010-09-02,18.23,18.33,18.08,18.28,13.7953,53192100
2010-09-03,18.52,18.59,18.2,18.43,13.9081,59143200
2010-09-07,18.36,18.41,18.05,18.12,13.6744,58636500
2010-09-08,18.04,18.05,17.75,17.9,13.5085,101747000
2010-09-09,18.05,18.08,17.93,18,13.5841,65019600
2010-09-10,17.95,18.1,17.84,17.97,13.5614,68814700
2010-09-13,18.22,18.56,18.2,18.56,14.0061,73870900
2010-09-14,18.53,18.8,18.34,18.74,14.1423,64479500
2010-09-15,18.73,18.77,18.54,18.72,14.1274,56107300
2010-09-16,18.7,18.98,18.58,18.97,14.3159,69165800
2010-09-17,19.03,19.08,18.67,18.81,14.1953,70436600
2010-09-20,18.89,18.96,18.69,18.93,14.2858,44935100
2010-09-21,18.88,19.27,18.84,19.14,14.4443,69131400
2010-09-22,19.04,19.25,18.89,19.01,14.3463,61569400
2010-09-23,18.85,19.31,18.75,18.98,14.3234,51954700
2010-09-24,19.23,19.45,19.18,19.42,14.6555,55749300
2010-09-27,19.4,19.43,19.18,19.24,14.5197,51071000
2010-09-28,19.31,19.57,19.1,19.51,14.7235,61019600
2010-09-29,19.48,19.62,19.12,19.24,14.5197,62484300
2010-09-30,19.34,19.6,19.11,19.2,14.4895,75382200
2010-10-01,19.47,20.35,18.88,19.32,14.5801,41275000
2010-10-04,19.25,19.3,18.77,18.87,14.2403,67082000
2010-10-05,19.08,19.29,19.03,19.15,14.4515,61004600
2010-10-06,19.21,19.37,19.13,19.31,14.5723,54990000
2010-10-07,19.37,19.54,19.21,19.4,14.6404,51794600
2010-10-08,19.4,19.58,19.21,19.52,14.7309,46528700
2010-10-11,19.59,19.75,19.53,19.56,14.7612,52722400
2010-10-12,19.65,19.8,19.44,19.77,14.9194,94743400
2010-10-13,19.98,20.03,19.16,19.24,14.5197,173827300
2010-10-14,19.31,19.46,19.2,19.32,14.5801,59255900
2010-10-15,19.44,19.47,19.2,19.32,14.5801,64052800
2010-10-18,19.26,19.32,18.97,19.19,14.4816,54985100
2010-10-19,19.01,19.39,18.9,19.21,14.4968,85409800
2010-10-20,19.3,19.78,19.29,19.64,14.8213,84884600
2010-10-21,19.75,19.86,19.57,19.76,14.9121,74287500
2010-10-22,19.79,19.93,19.75,19.84,14.9724,50129800
2010-10-25,19.95,20,19.8,19.87,14.9952,45769400
2010-10-26,19.79,20.11,19.73,20.04,15.1234,56344600
2010-10-27,19.93,20.2,19.81,20.19,15.2364,48151900
2010-10-28,20.29,20.53,20.02,20.47,15.4478,71144000
2010-10-29,20.45,20.56,20.01,20.05,15.1311,60774400
2010-11-01,20.35,20.67,20.34,20.57,15.5233,51593700
2010-11-02,20.64,20.7,20.29,20.34,15.3499,60959100
2010-11-03,20.34,20.52,20.22,20.48,15.5765,53044600
2010-11-04,20.66,21.02,20.56,20.97,15.9489,66048200
2010-11-05,21.01,21.29,20.97,21.24,16.1545,55960500
2010-11-08,21.34,21.5,21.17,21.23,16.147,53006900
2010-11-09,21.2,21.35,21.03,21.16,16.0934,46639500
2010-11-10,21.15,21.17,20.82,21.04,16.0025,48072100
2010-11-11,20.69,21.23,20.55,21.21,16.1314,69682800
2010-11-12,21.44,21.81,21.33,21.53,16.3752,100662400
2010-11-15,21.65,21.66,21.26,21.3,16.2003,50076900
2010-11-16,21.13,21.27,20.88,21.07,16.025,62890100
2010-11-17,21.02,21.22,20.93,21.08,16.0327,44262100
2010-11-18,21.05,21.24,20.92,21.02,15.987,68847000
2010-11-19,20.97,21.2,20.88,21.14,16.0782,49134200
2010-11-22,20.92,21.28,20.88,21.25,16.1623,40328600
2010-11-23,21.04,21.22,20.81,21.09,16.0402,44856200
2010-11-24,21.23,21.57,21.17,21.39,16.2681,42449700
2010-11-26,21.24,21.43,21.1,21.34,16.2304,19147500
2010-11-29,21.15,21.45,21.12,21.33,16.2229,46887900
2010-11-30,21.18,21.3,21.07,21.16,16.0934,52406500
2010-12-01,21.46,21.6,21.42,21.48,16.3368,52939300
2010-12-02,21.5,21.77,21.48,21.7,16.5044,48095800
2010-12-03,21.63,21.78,21.62,21.69,16.4964,43907400
2010-12-06,21.61,21.76,21.55,21.7,16.5044,31861200
2010-12-07,21.84,21.86,21.58,21.58,16.4129,46991400
2010-12-08,21.69,21.9,21.66,21.82,16.5954,68959600
2010-12-09,22.01,22.07,21.72,21.81,16.588,79874700
2010-12-10,21.91,21.98,21.8,21.91,16.6641,52407700
2010-12-13,22.01,22.02,21.34,21.5,16.3519,78296300
2010-12-14,21.4,21.56,21.3,21.47,16.3292,41699300
2010-12-15,21.35,21.5,21.28,21.28,16.185,42701400
2010-12-16,21.35,21.39,21.25,21.3,16.2003,35224900
2010-12-17,21.31,21.49,21.27,21.46,16.3217,57138100
2010-12-20,21.39,21.43,21.2,21.23,16.147,34211900
2010-12-21,21.27,21.27,21.08,21.1,16.0482,34102300
2010-12-22,20.95,21.02,20.81,20.89,15.8884,49206900
2010-12-23,20.84,20.92,20.7,20.84,15.8502,27960800
2010-12-27,20.75,20.86,20.65,20.84,15.8502,18604300
2010-12-28,20.81,20.93,20.76,20.88,15.8807,21169600
2010-12-29,20.94,21.06,20.88,20.94,15.9262,20848400
2010-12-30,20.95,21.08,20.93,21.02,15.987,18876000
2010-12-31,21.03,21.06,20.94,21.03,15.9947,15743700
2011-01-03,21.01,21.05,20.78,20.85,15.8579,58223800
2011-01-04,21.12,21.2,21.05,21.15,16.086,75206200
2011-01-05,21.19,21.21,20.9,20.94,15.9262,61810500
2011-01-06,20.67,20.82,20.55,20.77,15.797,116669000
2011-01-07,20.71,20.77,20.27,20.66,15.7132,74806100
2011-01-10,20.71,20.77,20.57,20.69,15.7361,51449700
2011-01-11,20.83,21.12,20.74,21.05,16.0099,64452600
2011-01-12,21.27,21.33,21.07,21.3,16.2003,53380600
2011-01-13,21.26,21.32,21.08,21.29,16.1923,104066300
2011-01-14,21.35,21.42,20.97,21.08,16.0327,154888800
2011-01-18,21.03,21.2,20.94,21.08,16.0327,55272100
2011-01-19,21.07,21.13,20.95,21.01,15.9793,43339000
2011-01-20,20.94,20.95,20.62,20.95,15.9337,56170800
2011-01-21,20.95,21.04,20.81,20.82,15.8347,63697600
2011-01-24,21.03,21.24,20.93,21.24,16.1545,82375700
2011-01-25,21.28,21.57,21.17,21.55,16.3903,72327200
2011-01-26,21.77,21.9,21.66,21.75,16.5424,57196100
2011-01-27,21.76,21.94,21.65,21.75,16.5424,58069200
2011-01-28,21.76,21.89,21.35,21.46,16.3217,55193100
2011-01-31,21.55,21.64,21.03,21.46,16.3217,90844300
2011-02-01,21.49,21.7,21.28,21.48,16.3368,60971000
2011-02-02,21.48,21.71,21.47,21.56,16.3977,46928100
2011-02-03,21.41,21.65,21.3,21.57,16.5444,39846000
2011-02-04,21.47,21.7,21.43,21.68,16.6285,39353500
2011-02-07,21.74,21.86,21.63,21.69,16.6363,43643100
2011-02-08,21.65,21.68,21.4,21.64,16.5979,48215100
2011-02-09,21.53,21.6,21.42,21.46,16.46,44601400
2011-02-10,21.43,21.84,21.35,21.8,16.7205,56661800
2011-02-11,21.63,21.85,21.52,21.76,16.6902,43716600
2011-02-14,21.63,21.8,21.5,21.57,16.5444,45134600
2011-02-15,21.48,21.55,21.28,21.45,16.4523,50640200
2011-02-16,21.57,21.88,21.43,21.75,16.6823,55214100
2011-02-17,21.68,22.06,21.67,21.97,16.8509,50185500
2011-02-18,22.09,22.21,22.01,22.14,16.9813,55060500
2011-02-22,21.95,22.19,21.73,21.81,16.7286,64515600
2011-02-23,21.7,21.72,21.01,21.15,16.222,83648300
2011-02-24,21.1,21.41,21.03,21.29,16.3293,54496400
2011-02-25,21.52,22,21.46,21.86,16.7665,53475700
2011-02-28,21.75,21.84,21.37,21.47,16.4674,66390100
2011-03-01,21.61,21.69,21.35,21.39,16.4061,57987400
2011-03-02,21.42,21.7,21.4,21.49,16.483,52192300
2011-03-03,21.66,21.88,21.65,21.79,16.7131,50504000
2011-03-04,21.88,22.08,21.4,21.56,16.5366,64664800
2011-03-07,21.69,21.74,21.08,21.21,16.2677,57520200
2011-03-08,21.26,21.26,21.02,21.13,16.207,57165700
2011-03-09,21.08,21.34,20.94,21.2,16.2605,60415900
2011-03-10,20.94,21.02,20.72,20.79,15.9459,69121300
2011-03-11,20.63,20.96,20.61,20.87,16.0073,45640700
2011-03-14,20.66,20.88,20.62,20.84,15.9846,48954200
2011-03-15,20.23,20.33,20.01,20.18,15.4783,80464000
2011-03-16,20.03,20.37,19.71,19.81,15.1945,84812700
2011-03-17,20.02,20.06,19.8,19.9,15.2632,59048300
2011-03-18,19.98,20.15,19.88,19.93,15.2862,74001300
2011-03-21,19.9,20.39,19.88,20.19,15.4858,43392300
2011-03-22,20.18,20.21,19.98,20.15,15.4551,45962800
2011-03-23,20.09,20.36,20.01,20.29,15.5628,37924600
2011-03-24,20.51,20.51,20.28,20.38,15.6312,49378300
2011-03-25,20.3,20.6,20.21,20.37,15.6242,52478400
2011-03-28,20.44,20.66,20.33,20.34,15.601,37109400
2011-03-29,20.27,20.29,19.98,20.28,15.5547,59545200
2011-03-30,20.42,20.46,20.11,20.46,15.6929,54565700
2011-03-31,20.29,20.37,19.94,20.18,15.4783,87528000
2011-04-01,20.38,20.38,19.56,19.72,15.1252,82621500
2011-04-04,19.79,19.8,19.36,19.49,14.9489,69372800
2011-04-05,19.59,19.88,19.55,19.71,15.1175,62605700
2011-04-06,19.86,19.95,19.71,19.95,15.3015,56267400
2011-04-07,19.92,20.09,19.82,20.03,15.363,51606400
2011-04-08,20.04,20.2,19.95,20.02,15.3553,46474900
2011-04-11,20.07,20.2,20.01,20.12,15.432,43166300
2011-04-12,20.01,20.07,19.69,19.76,15.1563,52110300
2011-04-13,19.88,19.95,19.72,19.78,15.1715,38977500
2011-04-14,19.64,19.66,19.41,19.58,15.0179,52706900
2011-04-15,19.6,19.75,19.53,19.75,15.1481,44283000
2011-04-18,19.53,19.74,19.45,19.62,15.0487,46481400
2011-04-19,19.67,19.98,19.62,19.86,15.2331,81426500
2011-04-20,21.21,21.44,20.94,21.41,16.4217,174554500
2011-04-21,21.39,21.49,21.19,21.46,16.46,77640100
2011-04-25,21.37,22.01,21.33,21.94,16.828,81676700
2011-04-26,21.82,22.53,21.81,22.48,17.2423,105300000
2011-04-27,22.54,22.68,22.33,22.63,17.3573,68452900
2011-04-28,22.45,22.87,22.45,22.8,17.4878,55000000
2011-04-29,22.8,23.19,22.63,23.15,17.7563,156189000
2011-05-02,23.02,23.18,22.81,22.91,17.572,71970500
2011-05-03,22.81,23.46,22.67,23.23,17.8175,110500000
2011-05-04,23.05,23.56,22.72,23.5,18.1663,137107200
2011-05-05,23.43,23.86,23.17,23.61,18.2513,94292200
2011-05-06,23.46,23.59,23.13,23.25,17.9729,100005900
2011-05-09,23.13,23.2,22.65,22.76,17.5941,73296400
2011-05-10,22.85,23.2,22.82,23.03,17.8028,66314300
2011-05-11,23.29,23.63,23.2,23.41,18.0967,85800000
2011-05-12,23.25,23.83,23.23,23.71,18.3287,66300000
2011-05-13,23.66,23.8,23.36,23.41,18.0967,53099500
2011-05-16,23.32,23.95,23.27,23.64,18.2744,74471600
2011-05-17,23.37,23.57,23.08,23.55,18.2047,86074100
2011-05-18,23.6,23.96,23.52,23.88,18.4601,65592900
2011-05-19,23.32,23.87,23.2,23.54,18.1971,98367500
2011-05-20,23.46,23.54,23.15,23.22,17.9497,63124700
2011-05-23,22.92,23.03,22.76,22.86,17.6714,64900000
2011-05-24,22.89,22.91,22.59,22.61,17.4784,51736300
2011-05-25,22.52,22.83,22.41,22.68,17.5324,49375900
2011-05-26,22.62,22.64,22.45,22.5,17.393,44432200
2011-05-27,22.46,22.52,22.11,22.21,17.1692,67162300
2011-05-31,22.45,22.64,22.32,22.51,17.4011,59575300
2011-06-01,22.45,22.48,21.98,22,17.0068,56011400
2011-06-02,22.01,22.33,21.86,22.09,17.0762,53445700
2011-06-03,21.79,22.1,21.67,21.73,16.7977,53937700
2011-06-06,21.74,21.95,21.66,21.83,16.8752,49667100
2011-06-07,22.04,22.44,22,22.06,17.0529,60300000
2011-06-08,21.96,22.13,21.73,21.82,16.8674,49513200
2011-06-09,21.87,22.01,21.7,21.76,16.8211,36986100
2011-06-10,21.73,21.8,21.26,21.38,16.5275,53233300
2011-06-13,21.43,21.6,21.28,21.39,16.5352,43550000
2011-06-14,21.6,21.92,21.55,21.82,16.8674,51995000
2011-06-15,21.68,21.83,21.4,21.42,16.5583,48556700
2011-06-16,21.46,21.79,21.27,21.42,16.5583,53634800
2011-06-17,21.68,21.68,21.07,21.19,16.3803,96504000
2011-06-20,21.19,21.42,21.17,21.33,16.4888,37358400
2011-06-21,21.46,21.69,21.22,21.65,16.7358,55384300
2011-06-22,21.54,21.61,21.38,21.4,16.543,37679600
2011-06-23,21.2,21.72,21.06,21.71,16.7825,54189000
2011-06-24,21.61,21.74,21.18,21.2,16.3883,124407700
2011-06-27,21.17,21.48,21,21.34,16.4961,45183400
2011-06-28,21.42,21.54,21.26,21.49,16.6123,36515100
2011-06-29,21.53,21.57,21.31,21.39,16.5352,31660400
2011-06-30,21.48,22.22,21.48,22.16,17.1303,53930200
2011-07-01,22.21,22.58,22.1,22.53,17.4165,35837100
2011-07-05,22.69,22.69,22.36,22.44,17.3467,33358200
2011-07-06,22.45,22.82,22.44,22.75,17.5865,43269800
2011-07-07,22.89,23.39,22.86,23.23,17.9575,53107000
2011-07-08,22.96,23.2,22.81,23.09,17.8493,35838800
2011-07-11,22.84,22.98,22.73,22.85,17.6639,34663100
2011-07-12,22.62,22.72,22.24,22.45,17.3545,51048100
2011-07-13,22.57,22.73,22.32,22.48,17.3779,43265500
2011-07-14,22.56,22.7,22.21,22.27,17.2156,47571900
2011-07-15,22.27,22.56,22.2,22.37,17.2925,49959400
2011-07-18,22.29,22.43,22.08,22.28,17.2231,45195400
2011-07-19,22.44,23.1,22.44,23.06,17.8257,55706900
2011-07-20,23.1,23.22,22.9,22.99,17.7719,57158800
2011-07-21,22.35,22.88,22.17,22.81,17.6327,80125400
2011-07-22,22.94,23.25,22.78,23.13,17.88,45085500
2011-07-25,22.94,23.28,22.8,23.03,17.8028,40716100
2011-07-26,23.03,23.15,22.83,22.9,17.7022,45573600
2011-07-27,22.65,22.75,22.35,22.53,17.4165,59198500
2011-07-28,22.47,22.88,22.33,22.55,17.4318,36736700
2011-07-29,22.35,22.62,22.22,22.33,17.2617,51897500
2011-08-01,22.57,22.69,21.9,22.24,17.192,51674300
2011-08-02,22.01,22.19,21.71,21.72,16.7903,56976600
2011-08-03,21.6,21.97,21.35,21.81,17.0247,65640300
2011-08-04,21.47,21.81,20.84,20.85,16.2751,86743900
2011-08-05,21,21.2,20.21,20.79,16.2279,101800300
2011-08-08,20.24,20.87,20.08,20.11,15.6975,137491600
2011-08-09,20.28,20.62,19.52,20.6,16.0799,116628500
2011-08-10,20.27,20.51,19.77,19.93,15.5566,95403800
2011-08-11,20.14,21,20.07,20.76,16.2047,75327100
2011-08-12,20.78,20.91,20.56,20.65,16.119,54183200
2011-08-15,20.75,20.93,20.63,20.89,16.3065,46288900
2011-08-16,20.74,21.07,20.5,20.79,16.2279,44763700
2011-08-17,20.58,20.98,20.4,20.67,16.1347,51304900
2011-08-18,20.15,20.18,19.55,19.77,15.4319,92196400
2011-08-19,19.61,19.96,19.16,19.19,14.9793,79157400
2011-08-22,19.55,19.68,19.26,19.38,15.1277,48904000
2011-08-23,19.36,19.71,19.3,19.71,15.3853,54210800
2011-08-24,19.58,19.88,19.37,19.8,15.4552,53521400
2011-08-25,19.83,19.88,19.4,19.42,15.159,51597200
2011-08-26,19.43,19.97,19.27,19.77,15.4319,53819400
2011-08-29,19.94,20.31,19.83,20.3,15.8457,40646100
2011-08-30,20.19,20.35,19.92,20.24,15.7989,39098800
2011-08-31,20.23,20.41,20.02,20.13,15.7128,55288500
2011-09-01,20.28,20.35,19.99,19.99,15.6036,40781200
2011-09-02,19.8,19.93,19.57,19.64,15.3305,42807600
2011-09-06,19.25,19.58,19.16,19.54,15.2523,44255600
2011-09-07,20.02,20.14,19.86,20.08,15.674,46090100
2011-09-08,20.05,20.3,19.81,19.9,15.5332,42985100
2011-09-09,19.75,20.22,19.66,19.7,15.3775,61406600
2011-09-12,19.53,20.29,19.52,20.28,15.8302,53318000
2011-09-13,20.32,20.9,20.21,20.76,16.2047,60222400
2011-09-14,20.89,21.4,20.71,21.12,16.4856,58352700
2011-09-15,21.31,21.67,21.22,21.54,16.8136,53239300
2011-09-16,21.65,22.09,21.43,21.97,17.1492,90738900
2011-09-19,21.77,22.06,21.63,21.93,17.1179,57738000
2011-09-20,21.99,22.47,21.86,22.2,17.329,71495200
2011-09-21,22.18,22.5,21.9,21.94,17.1257,66811700
2011-09-22,21.55,21.9,21.34,21.62,16.876,94232800
2011-09-23,21.39,22.27,21.22,22.16,17.2976,74135600
2011-09-26,22.16,22.44,21.79,22.24,17.36,64847800
2011-09-27,22.5,22.98,22.37,22.54,17.5942,88219700
2011-09-28,22.61,22.71,22.3,22.31,17.4149,74789100
2011-09-29,22.38,22.6,21.87,22.21,17.3364,85510500
2011-09-30,21.93,22.07,21.33,21.34,16.6573,64453700
2011-10-03,21.18,21.4,20.57,20.62,16.0952,95768300
2011-10-04,20.45,21.27,20.4,21.22,16.5638,77896900
2011-10-05,21.25,21.97,21.06,21.85,17.0554,70932100
2011-10-06,21.92,22.05,21.67,22.03,17.1962,58483000
2011-10-07,22.07,22.5,21.91,22.29,17.3991,58425800
2011-10-10,22.48,22.89,22.47,22.88,17.8593,40172800
2011-10-11,22.76,23,22.61,22.99,17.9455,50604700
2011-10-12,23,23.28,22.98,23.12,18.0469,59913300
2011-10-13,23.02,23.46,22.96,23.39,18.2574,51288900
2011-10-14,23.44,23.5,23.25,23.5,18.3435,44894100
2011-10-17,23.32,23.6,23.14,23.28,18.1719,47936100
2011-10-18,23.17,23.49,23.07,23.4,18.2658,85272200
2011-10-19,24.01,24.5,23.86,24.24,18.9211,139956200
2011-10-20,23.88,23.88,23.35,23.61,18.4294,88682000
2011-10-21,23.86,24.25,23.8,24.03,18.7572,123273100
2011-10-24,24.05,24.79,24.02,24.59,19.1943,138273600
2011-10-25,24.47,24.85,24.39,24.63,19.2259,60939200
2011-10-26,24.8,24.84,24.34,24.7,19.2802,58249900
2011-10-27,24.93,25.2,24.85,25.13,19.6159,84559200
2011-10-28,24.87,25.03,24.73,24.98,19.4988,44897400
2011-10-31,24.57,24.92,24.49,24.54,19.1553,43121800
2011-11-01,24.11,24.35,23.82,23.9,18.6557,68002400
2011-11-02,24.02,24.06,23.55,23.85,18.6168,56626000
2011-11-03,23.79,24.23,23.28,24.2,19.0576,58297700
2011-11-04,24.04,24.07,23.66,23.74,18.6956,46476000
2011-11-07,23.7,24.31,23.63,24.28,19.1206,51137900
2011-11-08,24.48,24.77,24.26,24.75,19.4909,55961900
2011-11-09,24.24,24.32,23.8,23.84,18.7742,56872200
2011-11-10,24.14,24.25,23.74,24.06,18.9473,45508700
2011-11-11,24.31,24.9,24.3,24.85,19.57,43867200
2011-11-14,24.78,24.9,24.48,24.63,19.3965,49418100
2011-11-15,24.66,25.46,24.62,25.34,19.9556,77391300
2011-11-16,25.13,25.5,24.88,24.94,19.6403,74241700
2011-11-17,24.9,24.95,24.12,24.34,19.1679,62125300
2011-11-18,24.17,24.43,24.02,24.29,19.1286,45683600
2011-11-21,24.03,24.15,23.35,23.57,18.5614,58579300
2011-11-22,23.38,23.53,23.09,23.24,18.3018,48479200
2011-11-23,23.04,23.14,22.69,22.7,17.8762,52698400
2011-11-25,22.55,23.22,22.51,22.73,17.9001,28346900
2011-11-28,23.28,23.57,23.25,23.46,18.4751,39753000
2011-11-29,23.49,23.9,23.42,23.58,18.5695,44191100
2011-11-30,24.28,24.94,24.23,24.91,19.6168,73450200
2011-12-01,24.87,24.97,24.4,24.92,19.6244,51820400
2011-12-02,25.01,25.14,24.6,24.64,19.4041,41486500
2011-12-05,25.03,25.2,24.79,25.01,19.6955,42526800
2011-12-06,25.09,25.48,25,25.35,19.9632,49516000
2011-12-07,25.33,25.78,25.13,25.66,20.2075,54791500
2011-12-08,25.45,25.53,24.63,24.71,19.4595,58000600
2011-12-09,24.41,25.1,24.38,25.01,19.6955,44071500
2011-12-12,24.18,24.29,23.61,24,18.9002,94831300
2011-12-13,24.05,24.06,23.42,23.56,18.5537,78519000
2011-12-14,23.48,23.56,23.14,23.31,18.3569,56395100
2011-12-15,23.58,23.67,23.25,23.31,18.3569,38692600
2011-12-16,23.47,23.89,23.23,23.23,18.2935,94567200
2011-12-19,23.39,23.48,23.05,23.1,18.1914,42243000
2011-12-20,23.49,23.98,23.44,23.84,18.7742,46309500
2011-12-21,23.95,24.09,23.43,23.68,18.6483,45222100
2011-12-22,23.83,24.1,23.76,24.02,18.9161,32002200
2011-12-23,24.13,24.4,24.04,24.4,19.2153,24832700
2011-12-27,24.45,24.7,24.4,24.56,19.3414,24136000
2011-12-28,24.52,24.56,24.18,24.23,19.0814,23703400
2011-12-29,24.36,24.58,24.28,24.55,19.3334,22319300
2011-12-30,24.43,24.62,24.25,24.25,19.097,21710100
2012-01-03,24.62,24.89,24.39,24.54,19.3254,44845600
2012-01-04,24.57,25.13,24.53,25.11,19.7743,47504000
2012-01-05,25.06,25.45,24.98,25.4,20.0027,49490600
2012-01-06,25.21,25.4,25.01,25.25,19.8844,36343500
2012-01-09,25.4,25.56,25.22,25.47,20.058,47478600
2012-01-10,25.71,25.92,25.51,25.59,20.1523,41060900
2012-01-11,25.43,25.89,25.34,25.8,20.3175,57170000
2012-01-12,25.85,25.9,25.54,25.75,20.2785,44420500
2012-01-13,25.69,25.72,25.1,25.14,19.7982,63313400
2012-01-17,25.18,25.4,24.97,25.04,19.7194,60438600
2012-01-18,25.13,25.48,25.01,25.39,19.9947,62687000
2012-01-19,25.52,25.68,25.37,25.63,20.1841,64946300
2012-01-20,25.87,26.47,25.5,26.38,20.7745,101272500
2012-01-23,26.35,26.89,26.34,26.71,21.0348,69663500
2012-01-24,26.7,26.98,26.61,26.9,21.1837,56220400
2012-01-25,26.84,26.95,26.5,26.9,21.1837,54757900
2012-01-26,26.95,27,26.6,26.75,21.0658,61678200
2012-01-27,26.66,26.84,26.59,26.73,21.0501,50587400
2012-01-30,26.51,26.8,26.27,26.74,21.0579,60694100
2012-01-31,26.79,26.8,26.28,26.42,20.8059,45325300
2012-02-01,26.74,26.84,26.51,26.55,20.9082,46330600
2012-02-02,26.59,26.74,26.46,26.49,20.8614,34780300
2012-02-03,26.67,26.95,26.58,26.74,21.2265,42191600
2012-02-06,26.55,26.73,26.36,26.72,21.2104,36772600
2012-02-07,26.63,26.74,26.43,26.64,21.1465,33101300
2012-02-08,26.66,26.99,26.61,26.85,21.3135,37072100
2012-02-09,26.91,27,26.79,26.86,21.3216,35754200
2012-02-10,26.74,26.79,26.45,26.7,21.1946,33616000
2012-02-13,26.83,26.84,26.52,26.7,21.1946,24723000
2012-02-14,26.57,26.78,26.5,26.78,21.2581,25409300
2012-02-15,26.88,26.88,26.5,26.58,21.0993,35832700
2012-02-16,26.4,26.95,26.35,26.83,21.2975,42450700
2012-02-17,26.86,27.5,26.82,27.37,21.7263,74254100
2012-02-21,27.34,27.37,27.01,27.16,21.5597,34911800
2012-02-22,27.06,27.35,26.51,26.73,21.2183,51973800
2012-02-23,26.56,26.86,26.35,26.66,21.1629,33800100
2012-02-24,26.72,26.8,26.45,26.7,21.1946,39309500
2012-02-27,26.52,27.2,26.45,26.89,21.3455,46022400
2012-02-28,26.93,27.3,26.82,27.24,21.6233,32820500
2012-02-29,27.25,27.3,26.84,26.88,21.3374,41856200
2012-03-01,27.06,27.14,26.71,26.86,21.3216,39413000
2012-03-02,26.9,27.03,26.77,26.92,21.3692,29632800
2012-03-05,26.91,26.91,26.36,26.54,21.0675,32332200
2012-03-06,26.25,26.63,26.2,26.61,21.123,37196700
2012-03-07,26.58,27,26.52,26.91,21.3613,32720900
2012-03-08,27,27.04,26.75,26.84,21.3057,37261600
2012-03-09,26.94,27.17,26.87,27.07,21.4881,29396700
2012-03-12,27,27.08,26.91,26.99,21.4247,24006900
2012-03-13,27.12,27.5,27.12,27.49,21.8218,33796800
2012-03-14,27.45,27.9,27.34,27.46,21.7978,46835700
2012-03-15,27.5,27.85,27.43,27.75,22.0281,34191900
2012-03-16,27.82,27.96,27.7,27.73,22.0123,54672100
2012-03-19,27.66,27.9,27.54,27.74,22.0198,26937200
2012-03-20,27.65,27.9,27.56,27.75,22.0281,22684900
2012-03-21,27.79,27.89,27.7,27.78,22.0517,22212900
2012-03-22,27.73,27.95,27.61,27.9,22.1469,23395100
2012-03-23,27.94,27.99,27.68,27.88,22.1313,24899500
2012-03-26,28.01,28.26,27.96,28.19,22.3772,32799700
2012-03-27,28.24,28.28,28.07,28.19,22.3772,24365100
2012-03-28,28.13,28.25,27.8,27.8,22.0676,35152000
2012-03-29,27.75,28.18,27.67,28.16,22.3533,39616000
2012-03-30,28.39,28.45,28.02,28.12,22.3216,43024400
2012-04-02,28.04,28.45,27.99,28.38,22.528,28853500
2012-04-03,28.31,28.37,27.95,28.11,22.3139,34152500
2012-04-04,27.87,28.03,27.6,27.93,22.1709,30845100
2012-04-05,27.87,28.1,27.8,28.07,22.2823,22033800
2012-04-09,27.73,27.9,27.59,27.76,22.0358,22965500
2012-04-10,27.7,27.86,27.41,27.45,21.7899,36272100
2012-04-11,27.68,28,27.63,27.85,22.1073,26668200
2012-04-12,27.97,28.52,27.93,28.48,22.6075,37053200
2012-04-13,28.35,28.39,28.08,28.09,22.298,34480900
2012-04-16,28.26,28.55,28.14,28.41,22.5518,37480000
2012-04-17,28.45,28.78,28.41,28.47,22.5995,61288000
2012-04-18,27.58,28.11,27.46,27.95,22.1869,72249100
2012-04-19,27.87,28.09,27.44,27.69,21.9804,43035900
2012-04-20,27.72,27.97,27.57,27.6,21.9088,38058500
2012-04-23,27.33,27.57,27.24,27.45,21.7899,37791200
2012-04-24,27.35,27.6,27.24,27.31,21.6788,35010600
2012-04-25,27.43,27.91,27.35,27.86,22.1152,40854600
2012-04-26,27.8,28.3,27.75,28.22,22.401,46644900
2012-04-27,28.11,28.53,28.1,28.38,22.528,33310200
2012-04-30,28.42,28.54,28.29,28.4,22.5442,28810500
2012-05-01,28.47,29.05,28.37,28.95,22.9806,43316200
2012-05-02,28.82,29.27,28.72,29.18,23.1634,40434700
2012-05-03,29.26,29.27,28.42,28.56,22.8355,41219000
2012-05-04,28.32,28.38,27.84,27.9,22.3076,34573600
2012-05-07,27.83,27.98,27.65,27.76,22.1954,37385900
2012-05-08,27.48,27.6,27.01,27.37,21.8839,53087400
2012-05-09,27.08,27.35,26.75,27.19,21.7399,40599300
2012-05-10,27.34,27.46,26.96,27.24,21.78,36239000
2012-05-11,27.26,27.95,27.2,27.63,22.0917,34937400
2012-05-14,27.35,27.4,26.88,27.02,21.604,39447300
2012-05-15,27.05,27.25,26.82,26.88,21.4921,35712100
2012-05-16,26.91,26.99,26.49,26.5,21.1883,44629300
2012-05-17,26.47,26.66,26.19,26.19,20.9404,31503200
2012-05-18,26.24,26.57,26.05,26.07,20.8445,43444900
2012-05-21,26.06,26.19,25.68,26.15,20.9083,41389400
2012-05-22,26.27,26.28,25.78,26.03,20.8127,46037700
2012-05-23,25.47,25.51,24.92,25.44,20.3408,61969600
2012-05-24,25.57,25.78,25.31,25.65,20.5084,37129200
2012-05-25,25.72,25.85,25.57,25.74,20.5806,19122200
2012-05-29,26.04,26.32,25.86,26.09,20.8606,35052800
2012-05-30,25.9,26.19,25.8,26.13,20.8924,33089800
2012-05-31,25.78,26.07,25.7,25.84,20.6603,42240200
2012-06-01,25.4,25.71,25.12,25.14,20.101,40246400
2012-06-04,25.28,25.36,24.84,25.04,20.0211,39903700
2012-06-05,25.04,25.57,25,25.43,20.3326,29491300
2012-06-06,25.51,26.11,25.43,26.07,20.8445,33553600
2012-06-07,26.37,26.43,25.89,25.94,20.7402,29534200
2012-06-08,25.88,26.48,25.85,26.41,21.1163,26750500
2012-06-11,26.55,26.63,25.96,25.99,20.7806,28041300
2012-06-12,26.12,26.54,26.05,26.52,21.2044,29132000
2012-06-13,26.46,26.87,26.34,26.54,21.2201,30496500
2012-06-14,26.58,27.06,26.42,26.98,21.572,38301200
2012-06-15,27.02,27.44,26.88,27.34,21.8601,51838900
2012-06-18,27.29,27.61,27.22,27.42,21.924,30432300
2012-06-19,27.59,27.63,27.25,27.51,21.996,30060200
2012-06-20,27.48,27.75,27.38,27.64,22.0999,28164900
2012-06-21,27.51,27.59,26.61,26.71,21.3563,47571100
2012-06-22,26.88,26.96,26.67,26.94,21.5402,100360700
2012-06-25,26.6,26.65,25.88,26.05,20.8283,41787800
2012-06-26,26.16,26.28,25.74,26.01,20.7965,34935400
2012-06-27,26.11,26.34,26.06,26.22,20.9646,23642100
2012-06-28,26,26.03,25.45,25.83,20.6528,40166600
2012-06-29,26.28,26.65,26.21,26.65,21.3082,35082300
2012-07-02,26.51,26.73,26.39,26.67,21.3243,21739700
2012-07-03,26.72,26.86,26.56,26.86,21.4763,12515500
2012-07-05,26.81,26.84,26.37,26.55,21.2283,20324500
2012-07-06,26.44,26.5,25.93,26.16,20.9164,32515300
2012-07-09,26.05,26.21,25.81,26.17,20.9243,27910200
2012-07-10,25.85,26.42,25.44,25.56,20.4367,47231600
2012-07-11,25.57,25.62,25.22,25.39,20.3007,34809100
2012-07-12,25.16,25.17,24.68,24.74,19.7811,53147600
2012-07-13,24.8,25.39,24.76,25.25,20.1884,35972100
2012-07-16,25.23,25.31,25,25.13,20.0928,36984500
2012-07-17,25.33,25.66,24.85,25.38,20.2927,63631500
2012-07-18,25.2,26.42,25.05,26.21,20.9564,67503500
2012-07-19,26.35,26.35,25.82,26.06,20.8366,36555800
2012-07-20,25.87,26,25.5,25.52,20.4047,48844000
2012-07-23,25.05,25.36,24.8,25.26,20.1969,36378200
2012-07-24,25.19,25.22,24.79,25.01,19.9969,33637600
2012-07-25,25.02,25.53,25,25.13,20.0928,34407600
2012-07-26,25.59,25.84,25.34,25.5,20.3888,37808200
2012-07-27,25.68,26.07,25.47,26.02,20.8042,33344000
2012-07-30,25.98,26.2,25.68,25.76,20.5966,25878100
2012-07-31,25.76,26.04,25.7,25.7,20.5486,26616900
2012-08-01,25.83,26,25.67,25.93,20.7325,29207700
2012-08-02,25.74,26.26,25.68,25.91,20.7165,34309900
2012-08-03,26.25,26.35,25.98,26.23,21.1561,30692600
2012-08-06,26.22,26.56,26.2,26.31,21.2205,24613200
2012-08-07,26.46,26.64,26.35,26.5,21.3739,27077800
2012-08-08,26.48,26.74,26.3,26.6,21.4544,27034400
2012-08-09,26.64,26.89,26.57,26.7,21.5349,26465300
2012-08-10,26.7,26.9,26.53,26.88,21.6804,24930300
2012-08-13,26.76,26.83,26.41,26.69,21.527,23619700
2012-08-14,26.8,26.81,26.38,26.48,21.3577,27470400
2012-08-15,26.23,26.47,26.19,26.27,21.1884,26081000
2012-08-16,26.44,26.65,26.34,26.59,21.4465,25699700
2012-08-17,26.57,26.63,26.21,26.33,21.2366,30376900
2012-08-20,26.22,26.33,26.1,26.23,21.1561,25600800
2012-08-21,26.33,26.34,25.99,26.11,21.0593,31661300
2012-08-22,25.89,26.01,25.66,25.73,20.7528,33619400
2012-08-23,25.58,25.59,24.93,25.04,20.1964,51397600
2012-08-24,25.05,25.07,24.7,24.91,20.0914,45187500
2012-08-27,24.86,24.94,24.75,24.84,20.0351,34424700
2012-08-28,24.79,25.01,24.68,25,20.1639,33119500
2012-08-29,24.93,24.96,24.54,24.67,19.8978,60462600
2012-08-30,24.57,24.64,24.15,24.27,19.575,37182200
2012-08-31,24.5,25,24.48,24.83,20.0269,43447800
2012-09-04,25.03,25.06,24.27,24.42,19.6963,40688000
2012-09-05,24.4,24.78,24.19,24.39,19.6719,38595800
2012-09-06,24.47,25.1,24.46,25.1,20.2446,40187600
2012-09-07,24.13,24.7,24.01,24.19,19.5108,86282100
2012-09-10,23.95,24.6,23.17,23.26,18.7606,80584600
2012-09-11,23.3,23.65,23.2,23.34,18.8251,54237700
2012-09-12,23.39,23.58,23.06,23.19,18.7042,44862700
2012-09-13,23.01,23.41,22.83,23.36,18.8411,52998300
2012-09-14,23.45,23.54,23.23,23.37,18.8494,47983700
2012-09-17,23.29,23.44,23.16,23.31,18.8011,36169000
2012-09-18,23.31,23.52,23.14,23.37,18.8494,41948200
2012-09-19,23.5,23.51,23.14,23.15,18.672,39459800
2012-09-20,23.09,23.18,22.99,23.18,18.6962,33083000
2012-09-21,23.22,23.27,23.01,23.13,18.6556,56246600
2012-09-24,22.93,22.95,22.52,22.8,18.3896,48846500
2012-09-25,22.95,22.97,22.51,22.54,18.18,49535100
2012-09-26,22.57,22.75,22.48,22.65,18.2684,49734700
2012-09-27,22.76,23.14,22.65,23.09,18.6234,43872200
2012-09-28,23.06,23.06,22.59,22.66,18.2767,47920800
2012-10-01,22.75,23.17,22.68,22.76,18.3572,55261300
2012-10-02,22.89,23,22.66,22.84,18.4218,36381100
2012-10-03,22.86,22.97,22.49,22.55,18.1879,49772700
2012-10-04,22.58,22.62,22.27,22.47,18.1232,52980100
2012-10-05,22.66,22.9,22.58,22.68,18.2926,38344600
2012-10-08,22.62,22.62,22.4,22.51,18.1556,29698200
2012-10-09,22.16,22.19,21.85,21.9,17.6638,66317400
2012-10-10,21.9,22,21.7,21.76,17.5509,47188900
2012-10-11,21.87,21.88,21.52,21.68,17.4861,36817700
2012-10-12,21.58,21.85,21.4,21.48,17.3249,46274000
2012-10-15,21.53,21.9,21.5,21.73,17.5266,49513800
2012-10-16,21.99,22.47,21.95,22.35,18.0266,80707000
2012-10-17,21.27,21.98,21.27,21.79,17.575,99053800
2012-10-18,21.82,21.86,21.6,21.67,17.4784,42921800
2012-10-19,21.67,21.69,21.22,21.27,17.1555,55622300
2012-10-22,21.4,21.57,21.3,21.46,17.3088,36500300
2012-10-23,21.32,21.77,21.3,21.59,17.4137,47194400
2012-10-24,21.73,21.74,21.41,21.46,17.3088,33237800
2012-10-25,21.58,21.75,21.51,21.69,17.4942,79226400
2012-10-26,21.77,22.02,21.6,21.95,17.7041,92415400
2012-10-31,22.01,22.09,21.59,21.63,17.4458,40612800
2012-11-01,21.76,22.41,21.72,22.26,17.954,50359300
2012-11-02,22.39,22.54,22.02,22.06,17.793,51737600
2012-11-05,22.02,22.11,21.72,21.84,17.7987,48797400
2012-11-06,21.73,22,21.63,21.73,17.709,49860500
2012-11-07,21.54,21.55,20.9,20.91,17.0406,70960100
2012-11-08,20.9,21.13,20.82,20.83,16.9756,38090000
2012-11-09,20.81,21.14,20.8,20.8,16.9512,35017900
2012-11-12,20.88,20.91,20.65,20.77,16.9267,27267000
2012-11-13,20.57,20.82,20.18,20.28,16.5275,56379200
2012-11-14,20.42,20.5,19.95,19.96,16.2663,58961300
2012-11-15,20.01,20.29,19.98,20.03,16.3238,45733800
2012-11-16,20.07,20.26,19.77,20.19,16.4539,50855500
2012-11-19,19.99,20.45,19.73,20.25,16.5032,69433800
2012-11-20,19.88,19.88,19.35,19.51,15.8997,85743300
2012-11-21,19.52,19.55,19.23,19.36,15.7774,95636000
2012-11-23,19.53,19.84,19.51,19.72,16.071,51711900
2012-11-26,19.69,19.92,19.62,19.89,16.2095,67047900
2012-11-27,19.95,20.19,19.92,19.93,16.2419,44893200
2012-11-28,19.89,20.11,19.64,20.09,16.3727,43226300
2012-11-29,19.83,20.04,19.46,19.53,15.916,64926300
2012-11-30,19.63,19.77,19.42,19.57,15.9484,51427800
2012-12-03,19.88,19.92,19.5,19.54,15.9241,50637000
2012-12-04,19.63,20.05,19.61,19.97,16.2748,57942400
2012-12-05,19.94,20.02,19.74,19.85,16.1767,45847000
2012-12-06,19.99,20.29,19.97,20.16,16.4293,46291200
2012-12-07,20.33,20.36,20.03,20.16,16.4293,41701200
2012-12-10,20.15,20.17,19.98,20.08,16.3643,27273200
2012-12-11,20.16,20.74,20.15,20.65,16.8289,51036500
2012-12-12,20.86,20.99,20.54,20.67,16.8453,48354700
2012-12-13,20.63,20.92,20.44,20.49,16.6984,41607600
2012-12-14,20.52,20.74,20.35,20.53,16.7313,34149500
2012-12-17,20.55,20.69,20.36,20.57,16.7637,34959900
2012-12-18,20.68,20.99,20.57,20.96,17.0814,41601200
2012-12-19,21.07,21.31,20.86,21.1,17.1957,52804600
2012-12-20,21.21,21.24,20.88,21.03,17.1386,34005500
2012-12-21,20.66,20.85,20.48,20.77,16.9267,61993100
2012-12-24,20.65,20.73,20.51,20.64,16.8206,14193100
2012-12-26,20.74,20.93,20.64,20.65,16.8289,22488700
2012-12-27,20.7,20.76,20.31,20.51,16.7149,31704300
2012-12-28,20.35,20.49,20.21,20.23,16.4866,25906900
2012-12-31,20.25,20.66,20.16,20.62,16.8043,41139500
2013-01-02,21.15,21.38,21.05,21.38,17.4238,47623000
2013-01-03,21.4,21.48,21.14,21.32,17.3748,41054100
2013-01-04,21.36,21.39,21.05,21.16,17.2446,30142500
2013-01-07,21.28,21.45,21.18,21.25,17.3177,36352100
2013-01-08,21.23,21.56,21.02,21.09,17.1875,48672000
2013-01-09,21.22,21.47,21.2,21.45,17.4811,34290000
2013-01-10,21.61,21.82,21.53,21.8,17.7659,44621600
2013-01-11,21.8,22.07,21.77,22,17.9289,44944700
2013-01-14,21.98,22.13,21.75,22,17.9289,35724500
2013-01-15,21.95,22.13,21.78,21.88,17.8313,33990300
2013-01-16,21.91,22.2,21.85,22.11,18.0186,36763700
2013-01-17,22.12,23.06,22.11,22.68,18.4831,101020600
2013-01-18,21.36,21.44,21.03,21.25,17.3177,143760400
2013-01-22,21.28,21.29,21.03,21.17,17.2524,51127400
2013-01-23,21.2,21.22,21.04,21.11,17.2036,42432300
2013-01-24,21.1,21.18,20.93,20.95,17.0733,58396800
2013-01-25,21.04,21.07,20.88,20.96,17.0814,107632800
2013-01-28,21.01,21.09,20.99,21.05,17.1548,105398300
2013-01-29,21.09,21.3,21.01,21.28,17.3422,105703100
2013-01-30,21.29,21.46,21.22,21.37,17.4158,34151300
2013-01-31,21.3,21.32,21.02,21.04,17.1466,36534100
2013-02-01,21.19,21.36,21.09,21.36,17.4074,31867100
2013-02-04,21.3,21.38,21.15,21.16,17.2446,38345600
2013-02-05,21.14,21.33,21.06,21.18,17.4462,30076500
2013-02-06,21.16,21.2,20.91,20.99,17.2898,32361000
2013-02-07,20.97,20.97,20.7,20.81,17.1416,41015200
2013-02-08,20.9,21.09,20.88,21,17.298,28150100
2013-02-11,21,21.06,20.92,21.03,17.3225,18897200
2013-02-12,21.03,21.25,20.99,21.19,17.4545,28391400
2013-02-13,21.22,21.3,21.15,21.25,17.5039,21267200
2013-02-14,21.13,21.28,21.06,21.23,17.4875,35262200
2013-02-15,21.23,21.3,20.99,21.12,17.3969,33809100
2013-02-19,21.18,21.21,21.06,21.09,17.3722,31061600
2013-02-20,21.09,21.1,20.7,20.73,17.0757,46119800
2013-02-21,20.75,20.76,20.12,20.25,16.6802,60754500
2013-02-22,20.32,20.49,20.1,20.42,16.8201,34534800
2013-02-25,20.57,20.65,20.23,20.23,16.6638,41525600
2013-02-26,20.49,20.85,20.41,20.58,16.952,67247100
2013-02-27,20.6,21.04,20.51,20.93,17.2405,46966600
2013-02-28,20.91,21.08,20.82,20.88,17.1992,34808000
2013-03-01,20.79,21.19,20.66,21.03,17.3225,45695700
2013-03-04,21.16,21.29,20.96,21.27,17.5203,47545800
2013-03-05,21.34,21.59,21.3,21.51,17.718,38796400
2013-03-06,21.53,21.79,21.51,21.75,17.9158,37188900
2013-03-07,21.8,21.99,21.75,21.89,18.0312,42380000
2013-03-08,21.95,22.04,21.47,21.58,17.7758,44990500
2013-03-11,21.53,21.74,21.28,21.69,17.8666,42148200
2013-03-12,21.66,21.73,21.45,21.64,17.8252,28617300
2013-03-13,21.56,21.7,21.46,21.66,17.8417,24617400
2013-03-14,21.74,21.85,21.51,21.65,17.8336,28836500
2013-03-15,21.61,21.7,21.27,21.38,17.6111,52949600
2013-03-18,21.24,21.49,21.19,21.26,17.5124,35154400
2013-03-19,21.26,21.36,21.01,21.14,17.4133,42546000
2013-03-20,21.31,21.36,21.11,21.18,17.4462,29919000
2013-03-21,21.01,21.14,20.9,21.04,17.331,32607200
2013-03-22,21.15,21.34,21.08,21.33,17.5698,30803200
2013-03-25,21.39,21.42,21.08,21.15,17.4214,32740700
2013-03-26,21.28,21.77,21.25,21.77,17.9323,39548500
2013-03-27,21.62,21.98,21.51,21.83,17.9816,45370900
2013-03-28,21.85,21.91,21.6,21.84,17.9898,33336700
2013-04-01,21.67,21.7,21.32,21.43,17.6522,33718100
2013-04-02,21.52,21.58,21.32,21.46,17.677,28166700
2013-04-03,21.45,21.5,21.01,21.05,17.3394,36620800
2013-04-04,21.05,21.19,20.96,21.14,17.4133,28702500
2013-04-05,20.94,20.97,20.75,20.94,17.2485,36721600
2013-04-08,20.89,21.09,20.8,21.09,17.3722,34213000
2013-04-09,21.11,21.89,21.06,21.75,17.9158,61518700
2013-04-10,21.72,22.42,21.71,22.26,18.3359,67102900
2013-04-11,21.73,21.91,21.49,21.83,17.9816,59295600
2013-04-12,21.74,21.8,21.47,21.68,17.8582,34028000
2013-04-15,21.5,21.71,21.36,21.38,17.6111,38459200
2013-04-16,21.47,21.93,21.42,21.92,18.0557,64767000
2013-04-17,21.79,22.14,21.57,21.93,18.0639,79461200
2013-04-18,22.05,22.4,21.9,22.24,18.3194,76237300
2013-04-19,22.27,22.45,22.21,22.44,18.4841,49101000
2013-04-22,22.48,22.94,22.35,22.88,18.8467,52817000
2013-04-23,22.98,23.45,22.93,23.38,19.2584,62494100
2013-04-24,23.28,23.79,23.25,23.66,19.4889,54282000
2013-04-25,23.65,23.87,23.32,23.38,19.2584,109178000
2013-04-26,23.31,23.56,23.14,23.4,19.2748,101377300
2013-04-29,23.44,23.83,23.4,23.76,19.5716,102141600
2013-04-30,23.72,24,23.64,23.95,19.728,41468900
2013-05-01,23.82,24.17,23.81,23.99,19.7609,38373800
2013-05-02,23.73,24.15,23.67,24.11,19.8598,33486300
2013-05-03,24.22,24.22,23.95,23.96,19.9222,30085800
2013-05-06,24.17,24.21,23.85,23.91,19.8805,31009100
2013-05-07,23.97,24.25,23.94,24.15,20.08,38605600
2013-05-08,24.04,24.29,23.96,24.25,20.1631,24900600
2013-05-09,24.2,24.57,24.1,24.36,20.2547,31333900
2013-05-10,24.42,24.54,24.35,24.5,20.3712,22554800
2013-05-13,24.41,24.49,24.03,24.08,20.0221,28535200
2013-05-14,24.08,24.17,23.78,23.84,19.8223,36694400
2013-05-15,23.89,24.2,23.81,24.2,20.1215,33568900
2013-05-16,24.06,24.4,23.93,23.94,19.9055,29812900
2013-05-17,24.12,24.22,23.9,24.04,19.9887,36277400
2013-05-20,24.08,24.25,24,24.08,20.0221,31324400
2013-05-21,24.1,24.25,24,24.15,20.08,37917900
2013-05-22,24.13,24.53,23.94,24.07,20.0137,49686400
2013-05-23,23.88,24.12,23.84,24.05,19.997,38132900
2013-05-24,23.92,24.04,23.58,23.92,19.8889,30861700
2013-05-28,24.16,24.4,24,24.08,20.0221,31153700
2013-05-29,23.96,24.38,23.89,24.27,20.18,31653900
2013-05-30,24.28,24.5,24.21,24.21,20.1301,26299900
2013-05-31,24.23,24.71,24.13,24.28,20.188,47793200
2013-06-03,24.88,25.45,24.83,25.24,20.9862,76493500
2013-06-04,25.56,25.98,25.35,25.36,21.0861,68515500
2013-06-05,25.11,25.28,24.65,24.7,20.5375,53335200
2013-06-06,24.75,24.94,24.27,24.65,20.4959,40020000
2013-06-07,24.4,24.7,24.22,24.59,20.446,35539400
2013-06-10,24.71,25.09,24.64,25.01,20.7953,29780800
2013-06-11,24.83,25.08,24.63,24.71,20.5458,27077800
2013-06-12,24.96,25,24.41,24.46,20.3379,24535200
2013-06-13,24.46,25.01,24.4,24.99,20.7785,27707000
2013-06-14,25.02,25.14,24.84,24.92,20.7205,24762700
2013-06-17,25.11,25.35,24.91,25.1,20.8699,42643200
2013-06-18,25.07,25.65,25.07,25.47,21.1778,36674300
2013-06-19,25.49,25.68,25,25,20.787,28843900
2013-06-20,24.73,24.75,24.1,24.19,20.1135,63565700
2013-06-21,24.31,24.35,24.09,24.2,20.1215,67754000
2013-06-24,24.08,24.22,23.41,23.58,19.6062,49145200
2013-06-25,23.83,23.94,23.57,23.88,19.8556,34571300
2013-06-26,24.2,24.24,23.89,24.01,19.9636,33645000
2013-06-27,24.1,24.35,24.01,24.05,19.997,25564500
2013-06-28,23.93,24.41,23.73,24.23,20.1467,80413900
2013-07-01,24.35,24.42,23.84,23.89,19.864,29698200
2013-07-02,23.87,24.04,23.54,23.72,19.7224,28290100
2013-07-03,23.7,23.9,23.45,23.76,19.7558,18167200
2013-07-05,23.95,24.08,23.68,24.06,20.0052,17830400
2013-07-08,23.86,23.91,23.03,23.19,19.2817,68826600
2013-07-09,23.3,23.42,23.11,23.14,19.2405,34739800
2013-07-10,23.14,23.3,22.64,23.25,19.332,50037500
2013-07-11,23.56,24,23.47,23.99,19.947,41313800
2013-07-12,23.95,24,23.65,23.9,19.8721,34561900
2013-07-15,23.84,23.97,23.76,23.94,19.9055,25650100
2013-07-16,24,24.3,23.9,24.25,20.1631,34496100
2013-07-17,24.3,24.43,24.04,24.15,20.08,44084200
2013-07-18,23.47,23.61,23.16,23.24,19.3232,77863900
2013-07-19,23.11,23.15,22.81,23.04,19.1575,45866700
2013-07-22,23.07,23.12,22.73,22.77,18.9328,35890900
2013-07-23,22.85,22.99,22.64,22.75,18.9161,28521400
2013-07-24,22.93,23,22.63,22.93,19.0655,33432700
2013-07-25,22.85,23.06,22.82,23.06,19.1737,114558100
2013-07-26,22.94,23.26,22.9,23.26,19.3401,110474500
2013-07-29,23.17,23.3,23.07,23.24,19.3232,85543100
2013-07-30,23.3,23.5,23.28,23.38,19.4398,28855200
2013-07-31,23.37,23.46,23.26,23.34,19.4066,27679200
2013-08-01,23.41,23.49,23.02,23.2,19.2903,37832700
2013-08-02,23.18,23.22,23,23.22,19.3066,36242100
2013-08-05,23,23.02,22.85,22.92,19.2463,20869000
2013-08-06,22.88,22.93,22.71,22.8,19.1456,28843300
2013-08-07,22.71,22.79,22.55,22.7,19.0618,23350900
2013-08-08,22.75,22.78,22.41,22.45,18.8517,34792500
2013-08-09,22.41,22.55,22.31,22.51,18.902,25145400
2013-08-12,22.48,22.7,22.45,22.64,19.0111,23520400
2013-08-13,22.69,22.7,22.39,22.52,18.9105,26099200
2013-08-14,22.4,22.74,22.35,22.57,18.9523,23202500
2013-08-15,22.28,22.41,21.97,22.03,18.4989,40451200
2013-08-16,22.06,22.19,21.89,21.91,18.3982,30079000
2013-08-19,22.08,22.7,22.05,22.28,18.709,43412200
2013-08-20,22.31,22.68,22.3,22.52,18.9105,32084300
2013-08-21,22.54,22.58,22.06,22.17,18.6166,32403300
2013-08-22,22.26,22.39,22.17,22.26,18.6923,17380600
2013-08-23,22.34,22.57,22.33,22.44,18.8433,23088700
2013-08-26,22.4,22.52,22.23,22.27,18.7006,22267800
2013-08-27,22.12,22.22,22,22.19,18.6336,37638500
2013-08-28,22.2,22.41,22.13,22.29,18.7172,28090000
2013-08-29,22.24,22.43,22.05,22.06,18.5243,28303500
2013-08-30,22.24,22.25,21.9,21.98,18.457,33896300
2013-09-03,22.21,22.24,21.97,22.07,18.5326,26427300
2013-09-04,22.38,22.78,22.28,22.64,19.0111,37941800
2013-09-05,22.68,22.73,22.49,22.6,18.9778,22552800
2013-09-06,22.69,22.82,22.4,22.67,19.0363,27606600
2013-09-09,22.72,23.03,22.7,22.91,19.2381,27770600
2013-09-10,23.07,23.13,22.93,22.98,19.2968,31705400
2013-09-11,22.91,22.98,22.71,22.81,19.1539,45815300
2013-09-12,22.78,22.84,22.6,22.63,19.0028,29517900
2013-09-13,23.05,23.46,23.04,23.44,19.6831,61134800
2013-09-16,23.63,23.71,23.35,23.39,19.6409,30088500
2013-09-17,23.69,23.89,23.67,23.74,19.9348,37540700
2013-09-18,23.85,23.92,23.56,23.9,20.0692,31975400
2013-09-19,23.96,24.09,23.84,23.91,20.0776,28261400
2013-09-20,23.94,23.96,23.57,23.77,19.9599,47069000
2013-09-23,23.7,23.85,23.61,23.62,19.834,22437100
2013-09-24,23.58,23.85,23.58,23.7,19.9013,24410100
2013-09-25,23.78,23.81,23.58,23.7,19.9013,19879900
2013-09-26,23.75,23.8,23.2,23.41,19.658,32003300
2013-09-27,23.21,23.39,22.88,22.98,19.2968,28924100
2013-09-30,22.72,23.17,22.6,22.92,19.2463,32489600
2013-10-01,22.94,23.04,22.7,22.83,19.1709,25888800
2013-10-02,22.71,22.9,22.67,22.89,19.2212,23205400
2013-10-03,22.82,22.84,22.5,22.6,18.9778,34888500
2013-10-04,22.6,22.85,22.6,22.81,19.1539,22550000
2013-10-07,22.71,23,22.57,22.83,19.1709,21321300
2013-10-08,22.87,22.88,22.48,22.48,18.8769,36111200
2013-10-09,22.51,22.96,22.48,22.59,18.9692,40435400
2013-10-10,22.99,23.22,22.92,23.1,19.3976,39189400
2013-10-11,22.83,23.26,22.82,23.26,19.5318,24550600
2013-10-14,23.09,23.49,23.03,23.45,19.6912,27176700
2013-10-15,23.4,23.59,23.32,23.39,19.6409,42957700
2013-10-16,23.26,23.74,23.22,23.7,19.9013,47723400
2013-10-17,23.58,23.94,23.49,23.92,20.0861,28694900
2013-10-18,23.86,23.98,23.68,23.88,20.0527,29579100
2013-10-21,23.94,24.17,23.82,24.14,20.2707,35297600
2013-10-22,24.17,24.2,24.01,24.07,20.2119,29010800
2013-10-23,23.93,24.05,23.56,23.74,19.9348,31651100
2013-10-24,23.86,23.97,23.78,23.78,19.9687,47590200
2013-10-25,24.11,24.24,24.02,24.24,20.355,59634700
2013-10-28,24.18,24.49,24.17,24.36,20.4556,65581600
2013-10-29,24.4,24.67,24.35,24.52,20.5901,29961700
2013-10-30,24.53,24.68,24.4,24.5,20.5729,24091800
2013-10-31,24.52,24.73,24.43,24.47,20.548,30901400
2013-11-01,24.51,24.65,24.22,24.33,20.4303,28302100
2013-11-04,24.32,24.4,24.15,24.26,20.3716,26639800
2013-11-05,23.92,24.11,23.77,24.03,20.3674,22849900
2013-11-06,24.06,24.31,23.89,24.25,20.5538,25525700
2013-11-07,24.37,24.38,24,24.06,20.3928,25631100
2013-11-08,24.03,24.12,23.84,24.09,20.4181,31502900
2013-11-11,24.04,24.29,23.93,24.17,20.4861,19236500
2013-11-12,23.99,24.5,23.98,24.43,20.7066,37813500
2013-11-13,24.25,24.62,24.2,24.6,20.8507,22990300
2013-11-14,24.43,24.5,24.35,24.39,20.6725,20198900
2013-11-15,24.4,24.55,24.25,24.52,20.7827,22866500
2013-11-18,24.61,24.7,24.48,24.6,20.8507,24712500
2013-11-19,24.74,24.87,24.61,24.7,20.9352,24870200
2013-11-20,24.7,24.82,24.46,24.56,20.8164,20288600
2013-11-21,24.61,25.29,24.52,25.23,21.3845,44050600
2013-11-22,24.5,24.51,23.84,23.87,20.2316,77908100
2013-11-25,24.02,24.02,23.5,23.75,20.1301,43389300
2013-11-26,23.79,23.84,23.52,23.65,20.0453,30600800
2013-11-27,23.64,23.92,23.52,23.9,20.2569,28419200
2013-11-29,23.9,23.99,23.76,23.84,20.2063,13802900
2013-12-02,24,24,23.65,23.7,20.0875,25685300
2013-12-03,23.69,23.73,23.4,23.55,19.9604,35066400
2013-12-04,23.52,23.85,23.52,23.74,20.1213,43501500
2013-12-05,23.82,24.35,23.75,24.26,20.5622,45399100
2013-12-06,24.97,25.25,24.75,24.82,21.0368,53871400
2013-12-09,24.84,25.08,24.68,24.93,21.1301,29614700
2013-12-10,24.89,24.97,24.66,24.82,21.0368,18203700
2013-12-11,24.74,24.88,24.4,24.42,20.6977,24682400
2013-12-12,24.72,24.89,24.42,24.47,20.7401,21917800
2013-12-13,24.21,24.49,24.16,24.29,20.5876,20631200
2013-12-16,24.33,24.71,24.33,24.45,20.7231,25061100
2013-12-17,24.42,24.77,24.38,24.66,20.9015,28158500
2013-12-18,24.71,25.2,24.53,25.15,21.3164,42680500
2013-12-19,25.12,25.24,24.89,25.14,21.3081,31880600
2013-12-20,25.11,25.35,25.04,25.06,21.2403,55380100
2013-12-23,25.27,25.43,25.18,25.32,21.4607,28120800
2013-12-24,25.38,25.62,25.35,25.43,21.5538,12157900
2013-12-26,25.43,25.7,25.43,25.7,21.7827,16957000
2013-12-27,25.75,25.8,25.48,25.6,21.698,12970600
2013-12-30,25.67,25.85,25.6,25.85,21.91,19787200
2013-12-31,25.81,26.04,25.77,25.96,22.0029,22808100
2014-01-02,25.78,25.82,25.47,25.79,21.8591,31833300
2014-01-03,25.86,25.9,25.6,25.78,21.8507,27796700
2014-01-06,25.77,25.79,25.45,25.46,21.5795,28682300
2014-01-07,25.54,25.73,25.47,25.59,21.6897,19665100
2014-01-08,25.64,25.71,25.3,25.43,21.5538,29680500
2014-01-09,25.42,25.55,25.25,25.31,21.4523,20878000
2014-01-10,25.5,25.85,25.5,25.53,21.6386,30588800
2014-01-13,25.63,25.99,25.42,25.5,21.6133,40274500
2014-01-14,26.01,26.55,25.9,26.51,22.4694,74142900
2014-01-15,26.72,27.12,26.61,26.67,22.6051,58277700
2014-01-16,26.64,26.74,26.33,26.54,22.4949,48960800
2014-01-17,25.36,25.86,25.25,25.85,21.91,111758900
2014-01-21,25.79,25.8,25.27,25.59,21.6897,42286400
2014-01-22,25.39,25.54,25.15,25.31,21.4523,48749900
2014-01-23,25.17,25.25,24.9,25.13,21.2996,40241000
2014-01-24,24.88,25.19,24.79,24.81,21.0283,34838700
2014-01-27,24.77,24.99,24.66,24.72,20.9522,32564900
2014-01-28,24.71,25.05,24.57,24.9,21.1048,32453800
2014-01-29,24.75,24.96,24.63,24.68,20.9183,27145700
2014-01-30,24.75,24.89,24.54,24.74,20.9692,24610100
2014-01-31,24.45,24.65,24.4,24.54,20.7998,28623300
2014-02-03,24.5,24.51,23.89,23.95,20.2996,52868200
2014-02-04,23.99,24.04,23.58,23.82,20.1891,50816300
2014-02-05,23.7,23.76,23.5,23.52,20.1251,32476200
2014-02-06,23.6,24.08,23.55,23.99,20.5273,28008400
2014-02-07,24.2,24.26,23.77,24.21,20.7156,30808400
2014-02-10,24.11,24.37,24.06,24.29,20.7841,24571300
2014-02-11,24.35,24.52,24.33,24.47,20.938,17911700
2014-02-12,24.51,24.69,24.37,24.55,21.0064,25874100
2014-02-13,24.43,24.74,24.31,24.7,21.1346,22922000
2014-02-14,24.58,24.76,24.41,24.76,21.1861,20539700
2014-02-18,24.67,24.78,24.55,24.76,21.1861,17738100
2014-02-19,24.65,24.72,24.42,24.5,20.9637,25686000
2014-02-20,24.54,24.85,24.5,24.74,21.1691,20193800
2014-02-21,24.95,24.96,24.35,24.42,20.895,30579800
2014-02-24,24.51,24.88,24.41,24.63,21.0749,24145500
2014-02-25,24.67,24.71,24.46,24.62,21.0665,21539100
2014-02-26,24.74,24.98,24.61,24.8,21.2203,19820200
2014-02-27,24.8,24.8,24.51,24.76,21.1861,20863900
2014-02-28,24.79,24.85,24.57,24.76,21.1861,23482700
2014-03-03,24.55,24.59,24.3,24.5,20.9637,25728500
2014-03-04,24.72,24.78,24.5,24.61,21.0578,23661200
2014-03-05,24.7,24.71,24.4,24.5,20.9637,21036200
2014-03-06,24.57,24.65,24.38,24.63,21.0749,22371700
2014-03-07,24.7,24.85,24.57,24.64,21.0836,25373400
2014-03-10,24.61,24.89,24.58,24.84,21.2546,24908100
2014-03-11,24.78,24.85,24.61,24.73,21.1605,26656800
2014-03-12,24.65,24.88,24.61,24.76,21.1861,21244800
2014-03-13,24.8,25,24.43,24.57,21.0237,26243300
2014-03-14,24.48,24.65,24.4,24.5,20.9637,21807200
2014-03-17,24.64,24.82,24.49,24.7,21.1346,18525800
2014-03-18,24.68,24.9,24.55,24.82,21.2376,26344000
2014-03-19,24.85,25.25,24.77,25.02,21.4087,34229400
2014-03-20,25,25.59,24.94,25.43,21.7596,37009100
2014-03-21,25.61,25.68,25.16,25.17,21.5367,56861900
2014-03-24,25.21,25.38,24.92,25.12,21.4941,36950600
2014-03-25,25.19,25.67,25.17,25.46,21.7851,32317400
2014-03-26,25.59,25.74,25.32,25.38,21.7167,26442800
2014-03-27,25.36,25.75,25.29,25.31,21.6568,27201100
2014-03-28,25.41,25.81,25.32,25.62,21.922,22884500
2014-03-31,25.65,26.06,25.62,25.81,22.0846,29336300
2014-04-01,25.8,26,25.64,25.99,22.2386,23778700
2014-04-02,25.96,26.05,25.64,25.89,22.1533,22464700
2014-04-03,26.15,26.46,26.14,26.41,22.5979,38581300
2014-04-04,26.49,26.73,26.11,26.16,22.3844,47918000
2014-04-07,26.3,26.74,26.2,26.49,22.6666,49813500
2014-04-08,26.36,26.98,26.35,26.91,23.0259,56699500
2014-04-09,26.93,27.02,26.73,26.98,23.0856,34481800
2014-04-10,27.01,27.09,26.36,26.43,22.6152,40478200
2014-04-11,26.27,26.59,26.17,26.18,22.4011,36121100
2014-04-14,26.31,26.65,26.14,26.56,22.7264,26957900
2014-04-15,26.51,26.83,26.36,26.77,22.9059,45074400
2014-04-16,26.98,27.24,26.6,26.93,23.0429,59033600
2014-04-17,26.88,27.16,26.79,27.04,23.1372,38108500
2014-04-21,27.05,27.05,26.73,26.95,23.0599,20398600
2014-04-22,26.91,26.98,26.66,26.84,22.966,29601600
2014-04-23,26.8,26.97,26.72,26.75,22.8889,25574300
2014-04-24,26.81,26.96,26.64,26.75,22.8889,25432800
2014-04-25,26.65,26.72,26.19,26.26,22.4698,33614400
2014-04-28,26.17,26.39,26.01,26.33,22.5295,33472800
2014-04-29,26.36,26.66,26.35,26.48,22.6577,22146000
2014-04-30,26.32,26.7,26.22,26.69,22.8379,25863900
2014-05-01,26.51,26.67,26.39,26.45,22.6322,19755200
2014-05-02,26.56,26.64,26.4,26.41,22.5979,24235200
2014-05-05,26.16,26.26,25.99,26.17,22.5868,20738900
2014-05-06,26.16,26.38,26,26.2,22.6129,21818000
2014-05-07,26.26,26.45,26.22,26.37,22.7594,24692800
2014-05-08,26.32,26.53,26.22,26.34,22.7336,24166900
2014-05-09,26.37,26.41,26.22,26.3,22.6991,20324400
2014-05-12,26.41,26.54,26.3,26.37,22.7594,20607800
2014-05-13,26.49,26.54,26.33,26.45,22.8283,20525000
2014-05-14,26.49,26.52,26.33,26.33,22.7249,17811900
2014-05-15,26.33,26.5,26.01,26.01,22.4486,31752700
2014-05-16,26.05,26.07,25.74,25.82,22.2847,30017200
2014-05-19,25.75,26.09,25.75,26.04,22.4745,22679600
2014-05-20,26.02,26.17,25.88,26.04,22.4745,22292600
2014-05-21,26.1,26.25,26,26.2,22.6129,18721300
2014-05-22,26.21,26.27,26.08,26.15,22.5698,15926500
2014-05-23,26.15,26.3,26.14,26.29,22.6905,17172200
2014-05-27,26.33,26.74,26.18,26.71,23.0531,27271900
2014-05-28,26.7,26.94,26.66,26.88,23.1997,27150100
2014-05-29,26.91,26.96,26.72,26.96,23.2686,20638900
2014-05-30,26.94,27.32,26.93,27.32,23.5792,43641000
2014-06-02,27.31,27.35,27.12,27.26,23.5275,20264900
2014-06-03,27.22,27.7,27.12,27.66,23.8729,33256300
2014-06-04,27.51,27.76,27.5,27.6,23.8209,21612500
2014-06-05,27.56,27.66,27.43,27.66,23.8729,26546200
2014-06-06,27.78,28.21,27.73,28.17,24.3129,34795600
2014-06-09,28.1,28.42,27.83,27.91,24.0887,39933000
2014-06-10,27.85,28.33,27.72,28.24,24.3734,34256900
2014-06-11,28.14,28.21,27.8,27.93,24.1059,27747700
2014-06-12,27.86,28.1,27.77,27.96,24.132,31211400
2014-06-13,29.75,30.06,29.56,29.87,25.7803,122194300
2014-06-16,29.72,30.15,29.67,30.01,25.901,36407800
2014-06-17,29.88,30.1,29.84,29.95,25.8493,28440600
2014-06-18,29.88,29.98,29.67,29.93,25.832,34412300
2014-06-19,29.97,30.09,29.89,30.09,25.9702,27166600
2014-06-20,30.07,30.2,30.03,30.2,26.0649,39826400
2014-06-23,30.1,30.31,29.85,30.23,26.091,26528900
2014-06-24,30.16,30.83,30.09,30.5,26.3239,53397600
2014-06-25,30.48,31,30.45,30.88,26.6521,44293300
2014-06-26,30.81,30.9,30.61,30.78,26.5658,26722300
2014-06-27,30.87,31,30.7,30.93,26.6951,30776300
2014-06-30,30.87,31,30.66,30.9,26.6692,21558400
2014-07-01,30.99,31.09,30.87,30.98,26.7382,28240000
2014-07-02,30.99,31.05,30.8,30.98,26.7382,16831200
2014-07-03,31.08,31.36,31.02,31.14,26.8761,20437600
2014-07-07,31.09,31.2,30.92,31.03,26.7816,22233400
2014-07-08,31,31.08,30.7,30.79,26.5744,37608700
2014-07-09,30.84,30.98,30.69,30.89,26.6607,28302400
2014-07-10,30.6,31.33,30.44,31.26,26.9799,32455100
2014-07-11,31.26,31.45,31.04,31.25,26.9715,20045000
2014-07-14,31.41,31.58,31.34,31.49,27.1786,24244600
2014-07-15,31.58,31.8,31.16,31.71,27.3683,61006100
2014-07-16,33.31,34.74,33.21,34.65,29.9059,135834600
2014-07-17,34.2,34.36,33.63,33.7,29.0857,70591100
2014-07-18,33.8,33.84,33.39,33.7,29.0857,46528800
2014-07-21,33.55,34.23,33.54,34.06,29.3965,32097200
2014-07-22,34.16,34.83,34.07,34.79,30.0266,42915100
2014-07-23,34.68,34.71,34.3,34.5,29.7763,26077000
2014-07-24,34.38,34.67,34.1,34.25,29.5605,33180400
2014-07-25,34.15,34.37,33.93,34.25,29.5605,31614000
2014-07-28,34.23,34.32,33.88,34.23,29.5433,30972200
2014-07-29,34.27,34.37,34.09,34.19,29.5089,26141700
2014-07-30,34.31,34.57,34.04,34.35,29.6469,32782800
2014-07-31,34.09,34.25,33.81,33.89,29.25,35431200
2014-08-01,33.75,34.03,33.61,33.74,29.1205,33472400
2014-08-04,33.79,34.09,33.55,34.05,29.388,27250100
2014-08-05,33.76,33.78,32.6,32.82,28.5149,49845100
2014-08-06,32.6,33.19,32.39,32.85,28.5407,27923900
2014-08-07,32.93,33.15,32.54,32.68,28.3931,27820100
2014-08-08,32.78,33,32.54,32.6,28.3235,35484000
2014-08-11,32.82,33.24,32.81,33.02,28.6887,27718600
2014-08-12,32.91,33.15,32.68,33.13,28.7841,24805600
2014-08-13,33.24,34.15,33.23,34.1,29.6268,36291000
2014-08-14,34.05,34.23,33.74,33.94,29.4879,25458000
2014-08-15,34.1,34.21,33.71,34.17,29.6877,28577600
2014-08-18,34.26,34.47,33.98,34.41,29.8962,27232200
2014-08-19,34.5,34.5,34.25,34.34,29.8352,29281900
2014-08-20,34.23,34.51,34.18,34.5,29.9744,27140300
2014-08-21,34.46,35.19,34.45,35.15,30.539,37164900
2014-08-22,35.2,35.2,34.91,34.94,30.3566,21196700
2014-08-25,35.09,35.15,34.65,34.81,30.2436,18614500
2014-08-26,34.79,35.05,34.69,34.8,30.2352,19664700
2014-08-27,34.89,34.94,34.63,34.79,30.2264,17168900
2014-08-28,34.61,34.81,34.61,34.65,30.1047,18908900
2014-08-29,34.81,34.94,34.67,34.92,30.3395,32302800
2014-09-02,34.76,34.91,34.43,34.57,30.0352,32094800
2014-09-03,34.82,34.88,34.45,34.57,30.0352,26668800
2014-09-04,34.53,35.09,34.52,34.91,30.3304,27632400
2014-09-05,34.92,35.12,34.83,35,30.4087,20841900
2014-09-08,34.96,35.56,34.88,35.33,30.6956,24859600
2014-09-09,35.29,35.29,34.85,34.91,30.3304,22333100
2014-09-10,34.85,35.13,34.67,35.02,30.4262,19964200
2014-09-11,34.79,35.02,34.53,35.02,30.4262,21949000
2014-09-12,34.9,34.91,34.5,34.62,30.0787,26732600
2014-09-15,34.71,34.77,34.23,34.54,30.0091,22438000
2014-09-16,34.47,35.08,34.47,34.93,30.348,20875700
2014-09-17,34.91,35.2,34.74,34.98,30.3915,26278900
2014-09-18,35.12,35.17,34.86,35.17,30.5565,23809600
2014-09-19,35.16,35.22,34.82,34.82,30.2524,46851900
2014-09-22,34.78,35.03,34.55,34.71,30.1568,25447700
2014-09-23,34.71,34.71,34.38,34.42,29.9051,25690700
2014-09-24,34.4,34.85,34.37,34.75,30.1915,18829000
2014-09-25,34.68,34.79,33.88,34.14,29.6616,34639700
2014-09-26,34.26,34.36,33.63,34.26,29.766,25882300
2014-09-29,34.06,34.99,33.94,34.9,30.3222,29003100
2014-09-30,34.9,35,34.41,34.82,30.2524,35274600
2014-10-01,34.61,34.78,33.84,33.99,29.5312,35086600
2014-10-02,33.96,34,33.26,33.52,29.1229,32910800
2014-10-03,33.66,34.18,33.47,34.03,29.5659,25834600
2014-10-06,34.15,34.48,33.87,34.11,29.6358,24321100
2014-10-07,34.04,34.05,33.42,33.47,29.0796,25972100
2014-10-08,33.49,34.37,33.14,34.27,29.7744,34960600
2014-10-09,34.15,34.43,33.58,33.62,29.2096,28185700
2014-10-10,32.62,32.86,30.5,31.91,27.7241,80917600
2014-10-13,31.72,32.37,31.47,31.47,27.3417,42110200
2014-10-14,31.99,32.67,31.71,32.14,27.9239,68671000
2014-10-15,30.54,31.65,29.65,31.28,27.1768,92305200
2014-10-16,30.89,31.51,30.75,30.85,26.8029,47787400
2014-10-17,31.2,31.71,30.97,31.38,27.2637,37504500
2014-10-20,31.04,31.7,30.9,31.58,27.4376,30523700
2014-10-21,31.67,32.62,31.58,32.61,28.3325,33278400
2014-10-22,32.66,32.87,32.22,32.27,28.037,26725600
2014-10-23,32.72,32.91,32.6,32.69,28.4018,22254900
2014-10-24,32.72,33.33,32.57,33.18,28.8275,27814300
2014-10-27,33.08,33.3,32.77,33.2,28.8448,23751900
2014-10-28,33.23,33.75,33.23,33.74,29.3144,21857800
2014-10-29,33.76,33.97,33.51,33.92,29.4704,24615200
2014-10-30,33.58,33.61,32.4,32.58,28.3063,55217900
2014-10-31,33.74,34.01,32.63,34.01,29.5487,52089700
2014-11-03,33.81,34.48,33.79,34.31,29.8093,28703600
2014-11-04,34.25,34.78,34.21,34.54,30.0091,34695900
2014-11-05,34.05,34.1,33.6,33.76,29.524,34705500
2014-11-06,33.69,34.23,33.41,33.82,29.5761,25240600
2014-11-07,33.98,34,33.19,33.58,29.3666,27604500
2014-11-10,33.43,33.49,33.08,33.26,29.0864,30653600
2014-11-11,33.36,33.54,33.2,33.31,29.1304,19676600
2014-11-12,33.23,33.42,33,33.38,29.1914,22864200
2014-11-13,33.35,33.86,33.34,33.68,29.4538,26449300
2014-11-14,33.75,33.97,33.35,33.95,29.6896,18104600
2014-11-17,33.82,34.25,33.76,34.24,29.9434,17646300
2014-11-18,34.19,34.9,34.16,34.71,30.3547,30674800
2014-11-19,34.69,34.79,34.25,34.35,30.0398,21289600
2014-11-20,34.14,35.97,34,35.95,31.4388,61994700
2014-11-21,35.98,36.46,35.5,35.59,31.1242,56721600
2014-11-24,35.89,36.43,35.84,36.25,31.7013,33321100
2014-11-25,36.36,36.48,36.15,36.32,31.7624,29093200
2014-11-26,36.37,36.99,36.28,36.9,32.2697,24060000
2014-11-28,37.04,37.69,36.94,37.25,32.5759,19128500
2014-12-01,37.21,37.62,36.9,37.17,32.506,30904000
2014-12-02,37.18,37.6,37.18,37.6,32.8819,28361100
2014-12-03,37.68,37.89,37.41,37.43,32.7332,30660800
2014-12-04,37.4,37.46,37.04,37.46,32.7597,23359100
2014-12-05,37.57,37.9,37.52,37.67,32.9434,20527600
2014-12-08,37.46,37.73,36.94,37.2,32.5322,28134800
2014-12-09,36.67,37.09,36.3,36.89,32.2609,28487300
2014-12-10,36.93,37.02,36.3,36.42,31.8502,27499900
2014-12-11,36.5,37.21,36.44,36.7,32.0948,25088200
2014-12-12,36.45,36.82,36.22,36.23,31.6841,29322500
2014-12-15,36.39,36.78,35.9,35.92,31.413,30633400
2014-12-16,35.86,36.5,35.56,35.56,31.098,31166300
2014-12-17,35.62,36.33,35.33,36.24,31.6926,31637700
2014-12-18,36.75,37.02,36.43,37.02,32.3746,32128100
2014-12-19,37.02,37.16,36.23,36.37,31.8063,76786800
2014-12-22,36.39,37.26,36.39,37.21,32.5407,29227100
2014-12-23,37.4,37.7,37.3,37.43,32.7332,22169700
2014-12-24,37.47,37.6,37.18,37.44,32.742,12109100
2014-12-26,37.52,37.74,37.52,37.55,32.8382,14037200
2014-12-29,37.45,37.52,37.17,37.18,32.5144,12203300
2014-12-30,37.08,37.19,36.76,36.76,32.1473,15214100
2014-12-31,36.63,37.04,36.29,36.29,31.7364,20393600
2015-01-02,36.67,37.16,36.11,36.36,31.7976,23605600
2015-01-05,36.2,36.45,35.94,35.95,31.4388,32785000
2015-01-06,36.08,36.23,35.26,35.28,30.8531,30847600
2015-01-07,35.64,36.07,35.27,36.02,31.5004,27725200
2015-01-08,36.37,37,36.26,36.69,32.0862,31765400
2015-01-09,36.77,37.11,36.4,36.76,32.1473,22850500
2015-01-12,36.9,37,36.23,36.6,32.0075,29400800
2015-01-13,36.87,37.49,36.29,36.5,31.9199,31478000
2015-01-14,36.33,36.91,35.91,36.35,31.7888,34250300
2015-01-15,36.53,36.88,36.03,36.19,31.6488,47181800
2015-01-16,36.12,36.66,35.51,36.45,31.8761,62812200
2015-01-20,36.1,36.46,35.57,36.09,31.5613,35929400
2015-01-21,35.85,36.68,35.77,36.48,31.9024,27442600
2015-01-22,36.56,37,36.14,36.91,32.2785,31809900
2015-01-23,36.96,37.03,36.38,36.45,31.8761,27427100
2015-01-26,36.19,36.3,35.57,35.81,31.3167,30906800
2015-01-27,34.4,34.72,33.55,34.19,29.8996,58456200
2015-01-28,34.47,34.7,33.72,33.78,29.5413,34929100
2015-01-29,33.84,34.28,33.46,34.21,29.9174,29569400
2015-01-30,33.7,33.99,33,33.04,28.8941,38719700
2015-02-02,33.06,33.75,32.65,33.65,29.4277,38733800
2015-02-03,33.78,34.05,32.61,33.7,29.4713,36038300
2015-02-04,33.67,33.84,33.3,33.6,29.5947,25052800
2015-02-05,33.68,33.99,33.45,33.94,29.8942,20491400
2015-02-06,33.92,34,33.14,33.3,29.3304,29342400
2015-02-09,33,33.24,32.67,32.93,29.0045,28705500
2015-02-10,33.2,33.73,33.05,33.7,29.6829,20200000
2015-02-11,33.67,33.76,33.32,33.55,29.5507,18364200
2015-02-12,33.98,34.13,33.76,34.13,30.0613,20056700
2015-02-13,34.25,34.37,33.95,34.36,30.264,18037900
2015-02-17,34.4,34.75,34.26,34.74,30.5985,19374100
2015-02-18,34.65,34.71,34.19,34.27,30.185,19992900
2015-02-19,34.25,34.42,34.05,34.21,30.132,11017500
2015-02-20,34.15,34.57,33.91,34.41,30.3081,20955600
2015-02-23,34.4,34.5,33.58,33.76,29.7356,25565500
2015-02-24,33.61,34.49,33.51,34.41,30.3081,29607500
2015-02-25,34.03,34.15,33.73,33.95,29.903,24686300
2015-02-26,33.62,33.88,33.43,33.65,29.6388,25928400
2015-02-27,33.63,33.64,33.21,33.25,29.2865,24427300
2015-03-02,33.29,34.13,33.12,34.06,29.9998,25406400
2015-03-03,33.95,34.38,33.91,34.1,30.035,27332000
2015-03-04,33.86,34.41,33.72,34.12,30.0526,23005800
2015-03-05,34.26,34.5,33.59,33.73,29.7091,21225800
2015-03-06,33.54,33.68,33.08,33.19,29.2335,32373100
2015-03-09,33.2,33.27,32.48,32.72,28.8196,33058800
2015-03-10,32.24,32.41,31.5,31.7,27.9212,50278900
2015-03-11,31.97,32.96,31.95,32.33,28.4761,49683600
2015-03-12,31.01,31.6,30.58,30.8,27.1284,107402400
2015-03-13,30.63,30.98,30.36,30.93,27.2428,47954700
2015-03-16,30.93,31.11,30.65,30.83,27.1549,33074600
2015-03-17,30.58,30.73,30.41,30.59,26.9435,29215600
2015-03-18,30.41,31.2,30.3,30.89,27.2076,39834100
2015-03-19,30.78,31.1,30.69,30.74,27.0756,27414200
2015-03-20,30.99,31.62,30.93,31.31,27.5775,64777100
2015-03-23,31.29,31.79,31.2,31.2,27.4807,29694000
2015-03-24,31.16,31.32,30.74,30.79,27.1195,28471400
2015-03-25,30.81,30.89,29.86,29.89,26.3269,37691000
2015-03-26,29.5,30.4,29.31,30.08,26.4941,45450100
2015-03-27,30.01,33,29.85,32,28.1854,73857200
2015-03-30,31.66,32.1,31.3,31.46,27.7097,51391500
2015-03-31,31.43,31.93,31.2,31.27,27.5421,32098500
2015-04-01,31.13,31.32,30.65,30.81,27.1374,31532100
2015-04-02,30.8,31.23,30.67,30.81,27.1374,20909600
2015-04-06,30.81,31.25,30.45,31.04,27.3399,21490900
2015-04-07,31.07,31.59,31,31.26,27.5337,23258300
2015-04-08,31.23,31.56,31.06,31.31,27.5775,18250300
2015-04-09,30.68,31.62,30.57,31.24,27.516,34167600
2015-04-10,31.33,31.94,31.33,31.93,28.1239,28084900
2015-04-13,31.81,32.05,31.71,31.73,27.9476,23489000
2015-04-14,31.68,31.94,31.27,31.49,27.7362,39754000
2015-04-15,32.26,32.99,32.07,32.83,28.9166,61083500
2015-04-16,32.85,32.99,32.7,32.87,28.9516,28903200
2015-04-17,32.51,32.7,32.22,32.47,28.5993,30593600
2015-04-20,32.61,32.79,32.53,32.73,28.8284,20649300
2015-04-21,32.93,32.97,32.28,32.43,28.5641,19023800
2015-04-22,32.41,32.72,32.03,32.7,28.8019,21144200
2015-04-23,32.04,32.41,32.01,32.35,28.4936,23775300
2015-04-24,32.41,32.48,32.02,32.08,28.2558,22759900
2015-04-27,32.08,32.69,32.08,32.5,28.626,25869600
2015-04-28,32.3,33.04,32.23,33.02,29.0838,29572800
2015-04-29,32.56,33,32.55,32.89,28.9693,21819000
2015-04-30,32.71,32.85,32.3,32.55,28.6696,22013300
2015-05-01,32.63,33.49,32.62,33.42,29.4362,27091200
2015-05-04,33.27,33.5,33.22,33.43,29.4447,21397300
2015-05-05,33,33.1,32.57,32.64,28.9568,29779200
2015-05-06,32.5,32.79,31.93,32.22,28.5843,31985400
2015-05-07,32.27,32.63,32.18,32.24,28.602,21475300
2015-05-08,32.51,32.88,32.34,32.8,29.099,26926500
2015-05-11,32.68,32.71,32.43,32.69,29.0013,18358600
2015-05-12,32.44,32.5,32,32.25,28.6111,24530200
2015-05-13,32.27,32.9,32.27,32.64,28.9568,20470800
2015-05-14,32.86,33.13,32.77,32.97,29.2498,21098900
2015-05-15,33.09,33.12,32.75,32.99,29.2675,17149700
2015-05-18,32.98,33.41,32.85,33.41,29.6399,23689500
2015-05-19,33.36,33.38,32.99,33.15,29.4095,21867100
2015-05-20,33.06,33.5,33.01,33.37,29.6047,21359800
2015-05-21,33.21,33.56,33.07,33.55,29.7643,21269800
2015-05-22,33.47,33.51,33.32,33.45,29.6753,20845000
2015-05-26,33.27,33.29,32.84,33.1,29.3651,28594500
2015-05-27,33.2,33.85,33.13,33.71,29.9063,30172700
2015-05-28,33.74,34.15,33.68,34.01,30.1726,27065700
2015-05-29,34.24,34.75,34.21,34.46,30.5715,43545500
2015-06-01,34.37,34.59,33.68,33.91,30.0836,46734500
2015-06-02,33.64,33.75,33.14,33.27,29.5157,36351100
2015-06-03,33.17,33.24,32.59,32.73,29.0368,38138700
2015-06-04,32.51,32.72,32.2,32.31,28.6642,33761800
2015-06-05,32.28,32.3,31.83,31.84,28.2472,27778500
2015-06-08,31.81,31.95,31.21,31.3,27.7683,38171600
2015-06-09,31.33,31.66,31.15,31.25,27.7238,33976700
2015-06-10,31.46,32.16,31.37,31.82,28.2294,33336800
2015-06-11,31.95,32.1,31.84,31.85,28.2561,24293600
2015-06-12,31.72,32.1,31.2,31.32,27.7858,31629800
2015-06-15,31.12,31.51,30.94,31.39,27.848,23175000
2015-06-16,31.26,31.76,31.13,31.64,28.0697,20254500
2015-06-17,31.75,32.09,31.69,31.95,28.345,28194200
2015-06-18,32.08,32.5,32,32.38,28.7263,27722400
2015-06-19,32.4,32.57,31.96,32.07,28.4513,39008400
2015-06-22,32.26,32.39,32.08,32.26,28.6197,23608400
2015-06-23,32.31,32.34,31.93,32.09,28.4689,17995900
2015-06-24,32.15,32.15,31.88,31.91,28.3092,23313900
2015-06-25,32.02,32.32,31.99,31.99,28.3803,22743300
2015-06-26,31.51,31.53,30.76,31.02,27.5199,62157200
2015-06-29,30.7,30.98,30.31,30.39,26.9607,35194500
2015-06-30,30.63,30.69,30.15,30.42,26.9875,34412200
2015-07-01,30.49,30.55,30.01,30.18,26.7743,27178900
2015-07-02,30.18,30.92,30.1,30.56,27.1117,27105200
2015-07-06,30.24,30.45,29.84,30.04,26.6505,32468100
2015-07-07,29.87,29.93,29.09,29.9,26.5262,43833700
2015-07-08,29.4,29.67,29.15,29.5,26.1714,45223800
2015-07-09,29.72,29.89,28.82,28.93,25.6655,47167800
2015-07-10,29.2,29.35,28.94,29.17,25.8786,31423800
2015-07-13,29.27,29.82,29.19,29.73,26.3753,26452400
2015-07-14,29.66,30.11,29.44,29.65,26.3042,39778300
2015-07-15,29.65,29.99,29.47,29.69,26.3399,47852500
2015-07-16,30.47,30.48,29.1,29.9,26.5262,81166700
2015-07-17,29.66,29.8,29.1,29.47,26.1447,43697600
2015-07-20,29.62,29.62,29.07,29.1,25.8163,33812900
2015-07-21,28.96,29.26,28.67,28.72,25.4793,45191000
2015-07-22,28.57,28.85,28.43,28.61,25.3818,36387200
2015-07-23,28.66,28.97,28.43,28.6,25.373,33775200
2015-07-24,28.53,28.64,28.06,28.06,24.8939,31621000
2015-07-27,28.07,28.42,27.62,28.35,25.1509,42161100
2015-07-28,28.51,29.18,28.44,28.96,25.6922,33182400
2015-07-29,28.95,29.13,28.79,29.01,25.7366,26470200
2015-07-30,29.1,29.45,28.85,28.91,25.6477,26582400
2015-07-31,29.12,29.12,28.77,28.95,25.6833,27158800
2015-08-03,29,29.35,28.9,29.05,25.772,26213600
2015-08-04,28.98,29.15,28.86,29.13,25.8431,25741700
2015-08-05,29.19,29.39,29.02,29.12,26.0487,23622700
2015-08-06,29.16,29.23,28.85,29.01,25.9503,27958200
2015-08-07,28.8,28.96,28.69,28.88,25.834,25606100
2015-08-10,29.07,29.68,29.06,29.64,26.5141,22807400
2015-08-11,29.47,29.48,28.96,28.97,25.9144,23758900
2015-08-12,28.66,29.57,28.66,29.46,26.353,33589100
2015-08-13,29.4,29.45,28.87,28.87,25.8251,18821900
2015-08-14,28.92,29.04,28.82,29.02,25.9595,14302700
2015-08-17,28.83,29.2,28.71,29.08,26.0128,15548300
2015-08-18,28.95,29.05,28.8,28.91,25.8609,19182600
2015-08-19,28.65,28.8,28.28,28.36,25.3689,30530100
2015-08-20,28.03,28.24,27.53,27.53,24.6265,31936600
2015-08-21,27.33,27.63,26.56,26.56,23.7588,52288400
2015-08-24,25.2,27.63,24.87,26.25,23.4814,83234200
2015-08-25,27.04,27.15,25.87,25.87,23.1416,59371900
2015-08-26,26.51,27.34,26.08,27.3,24.4207,47386700
2015-08-27,27.72,27.91,27.01,27.72,24.7963,38649400
2015-08-28,27.67,28.61,27.45,28.42,25.4227,43452400
2015-08-31,28.33,29.13,28.16,28.54,25.5299,42401800
2015-09-01,27.91,28.17,27.66,27.82,24.8858,44144000
2015-09-02,28.35,28.6,28.14,28.6,25.5834,34618800
2015-09-03,28.8,29.42,28.69,29.08,26.0128,38665900
2015-09-04,28.57,28.9,28.41,28.52,25.5121,29116500
2015-09-08,28.98,29.5,28.95,29.5,26.3887,27805000
2015-09-09,29.72,30.12,29.17,29.24,26.1563,30774100
2015-09-10,29.18,29.66,28.9,29.27,26.1831,25195800
2015-09-11,29.08,29.52,29.04,29.47,26.3619,21786900
2015-09-14,29.47,29.53,29.09,29.39,26.2902,24065100
2015-09-15,29.56,29.94,29.48,29.73,26.5943,29819000
2015-09-16,29.62,29.79,29.4,29.77,26.6301,25957800
2015-09-17,29.62,30.2,29.55,29.71,26.5768,29805200
2015-09-18,29.22,29.42,28.81,29.02,25.9595,60693400
2015-09-21,29.09,29.34,28.94,29.16,26.0847,24417100
2015-09-22,28.67,28.9,28.48,28.67,25.646,28576200
2015-09-23,29.02,29.09,28.59,28.74,25.7087,25984000
2015-09-24,28.38,28.67,27.87,28.48,25.4763,32754700
2015-09-25,28.94,29.12,28.63,28.81,25.7714,29192300
2015-09-28,28.68,29.36,28.64,28.76,25.7267,42291000
2015-09-29,28.83,29.35,28.76,29.24,26.1563,34169600
2015-09-30,29.56,30.32,29.54,30.14,26.9611,41051700
2015-10-01,30.21,30.28,29.46,30,26.8359,29832800
2015-10-02,29.67,30.53,29.53,30.51,27.2922,27901500
2015-10-05,30.73,31.38,30.56,31.21,27.9183,34842500
2015-10-06,31.16,31.85,31.11,31.74,28.3924,34899800
2015-10-07,32,32.42,31.72,32.32,28.9112,36930100
2015-10-08,32.23,32.6,31.98,32.52,29.0901,27794600
2015-10-09,32.37,32.55,31.94,32.14,28.7502,24209900
2015-10-12,32.16,32.32,32,32.21,28.8129,18795000
2015-10-13,32.03,32.48,31.98,32.04,28.6609,35588600
2015-10-14,31.39,32.93,30.85,32.8,29.3407,75954800
2015-10-15,32.84,33.06,32.46,32.75,29.296,37634800
2015-10-16,32.75,33.2,32.48,33.04,29.5554,29371300
2015-10-19,32.88,33.62,32.87,33.59,30.0472,37624000
2015-10-20,33.4,33.7,33.31,33.44,29.9129,24416100
2015-10-21,33.67,34.05,33.32,33.37,29.8505,31928800
2015-10-22,33.7,34.5,33.59,34.4,30.7718,39572600
2015-10-23,34.54,35.03,34.4,34.9,31.2189,42796600
2015-10-26,34.77,34.96,34.55,34.59,30.9417,22646900
2015-10-27,34.41,34.55,34.31,34.47,30.8344,22630100
2015-10-28,34.47,34.71,34.12,34.71,31.0493,21908400
2015-10-29,34.2,34.29,33.77,34.03,30.4409,21325200
2015-10-30,34.1,34.29,33.86,33.86,30.2889,24693900
2015-11-02,33.73,34.28,33.64,34.11,30.5126,21743100
2015-11-03,34,34.41,33.98,34.31,30.6914,18167000
2015-11-04,34.27,34.27,33.9,34.15,30.7635,20762100
2015-11-05,34.1,34.2,33.73,34,30.6284,16486100
2015-11-06,33.93,33.97,33.41,33.84,30.4842,23701700
2015-11-09,33.6,33.83,33.08,33.35,30.0428,24168700
2015-11-10,33.17,33.27,32.81,33.21,29.9167,22451700
2015-11-11,33.16,33.38,32.8,32.86,29.6013,19864700
2015-11-12,32.71,32.92,32.39,32.4,29.187,23265400
2015-11-13,32.27,32.38,31.96,32.11,28.9256,23673200
2015-11-16,32.09,32.26,31.93,32.1,28.9169,29899700
2015-11-17,32.15,32.88,32.01,32.64,29.4032,22636400
2015-11-18,32.73,33.24,32.62,33.16,29.8717,18619800
2015-11-19,33.22,34.73,33.13,34.3,30.8984,45381600
2015-11-20,34.48,35.29,34.48,34.66,31.2229,41137700
2015-11-23,34.66,34.85,34.41,34.48,31.0609,20152900
2015-11-24,34.33,34.44,33.9,34.36,30.9526,21413500
2015-11-25,34.26,34.74,34.14,34.45,31.0336,17939400
2015-11-27,34.54,34.68,34.4,34.46,31.0426,6620900
2015-11-30,34.55,34.9,34.43,34.77,31.3219,21785800
2015-12-01,35,35.2,34.71,35.09,31.6101,23560200
2015-12-02,35.09,35.41,34.81,34.83,31.3759,18688200
2015-12-03,34.97,34.99,34,34.04,30.6643,30131100
2015-12-04,34.11,35.03,34,34.94,31.4751,24901000
2015-12-07,34.79,35.17,34.75,34.99,31.52,17731900
2015-12-08,34.67,34.95,34.42,34.75,31.3038,13380200
2015-12-09,34.88,35.22,34.51,34.81,31.358,22548300
2015-12-10,34.85,35.07,34.66,34.77,31.3219,17400700
2015-12-11,34.31,34.65,34.2,34.27,30.8716,21251400
2015-12-14,34.38,34.48,33.88,34.47,31.0518,19357100
2015-12-15,34.65,35.35,34.64,35.18,31.6913,24365900
2015-12-16,35.36,35.47,34.77,35.3,31.7995,23257900
2015-12-17,35.32,35.37,34.76,34.91,31.448,24963600
2015-12-18,34.73,34.75,33.86,33.87,30.5113,41336600
2015-12-21,34.11,34.3,33.82,34.24,30.8443,18006800
2015-12-22,34.36,34.78,34.27,34.73,31.2859,18422000
2015-12-23,34.95,35.05,34.78,35,31.5292,12526500
2015-12-24,35.07,35.26,34.96,34.98,31.5111,5893800
2015-12-28,34.95,35,34.57,34.93,31.4662,9449400
2015-12-29,35.01,35.59,35.01,35.44,31.9255,14188600
2015-12-30,35.38,35.45,34.95,34.99,31.52,11566800
2015-12-31,34.82,34.96,34.44,34.45,31.0336,14736700
2016-01-04,33.88,34.01,33.46,33.99,30.6194,27882200
2016-01-05,33.96,34,33.53,33.83,30.4751,16709500
2016-01-06,33.25,33.52,32.8,33.08,29.7995,25491300
2016-01-07,32.28,33.01,31.84,31.84,28.6824,37680500
2016-01-08,32.09,32.22,31.43,31.51,28.3852,29953800
2016-01-11,31.81,32.22,31.68,32.06,28.8807,27732400
2016-01-12,32.76,32.89,32.27,32.68,29.4393,28587700
2016-01-13,32.76,32.93,31.83,31.91,28.7456,34445700
2016-01-14,31.97,32.87,31.8,32.74,29.4933,48728200
2016-01-15,29.73,30.5,29.45,29.76,26.8088,76373900
2016-01-19,29.98,30.06,29.48,29.8,26.8449,28878100
2016-01-20,29.35,29.87,29.21,29.59,26.6555,39598200
2016-01-21,29.65,30.03,29.24,29.66,26.7185,30157400
2016-01-22,30.12,30.24,29.51,29.93,26.9619,25326500
2016-01-25,29.99,30.22,29.57,29.6,26.6645,26441000
2016-01-26,29.61,30.05,29.61,29.94,26.9711,24754900
2016-01-27,29.88,30.22,29.64,29.81,26.8537,26384100
2016-01-28,30.02,30.18,29.75,29.97,26.9978,22028100
2016-01-29,30.21,31.03,30.1,31.02,27.9437,38311400
2016-02-01,30.72,31.12,30.64,30.82,27.7635,19015100
2016-02-02,30.45,30.49,29.63,29.8,26.8449,24994300
2016-02-03,29.72,29.72,28.52,29.34,26.663,44660100
2016-02-04,29.14,29.88,29.11,29.77,27.0538,29257800
2016-02-05,29.58,29.76,28.91,29.04,26.3904,27957500
2016-02-08,28.74,28.98,28.3,28.82,26.1904,28725900
2016-02-09,28.49,29.15,28.41,28.81,26.1814,22902600
2016-02-10,28.88,29,28.19,28.23,25.6543,27267800
2016-02-11,27.83,28.41,27.68,28.22,25.6451,28450200
2016-02-12,28.57,28.7,28.14,28.64,26.0269,19699000
2016-02-16,28.75,28.95,28.36,28.78,26.1541,30705200
2016-02-17,28.86,29.62,28.73,29.47,26.7813,27691700
2016-02-18,29.53,29.76,29.38,29.42,26.7357,20623300
2016-02-19,29.2,29.33,28.71,28.71,26.0906,42056700
2016-02-22,29.11,29.54,29,29.35,26.672,23893100
2016-02-23,29.3,29.35,28.6,28.8,26.1725,26638200
2016-02-24,28.52,29.3,28.38,29.19,26.5268,21593600
2016-02-25,29.32,29.62,28.95,29.62,26.9176,17571400
2016-02-26,29.88,30.08,29.7,29.8,27.0812,19902200
2016-02-29,29.72,30.14,29.58,29.59,26.8901,22903100
2016-03-01,29.93,30.53,29.75,30.37,27.5991,25502600
2016-03-02,30.3,30.87,30.12,30.54,27.7536,23779800
2016-03-03,31.13,31.35,30.54,30.58,27.79,25625200
2016-03-04,30.5,30.86,30.05,30.63,27.8354,20356800
2016-03-07,30.59,31.12,30.5,30.94,28.117,18858200
2016-03-08,30.83,30.88,30.38,30.56,27.7718,19104900
2016-03-09,30.83,31.04,30.67,30.87,28.0533,14707800
2016-03-10,31.14,31.4,30.38,31.25,28.3988,29584800
2016-03-11,31.67,31.79,31.53,31.76,28.8621,22811200
2016-03-14,31.66,31.69,31.3,31.43,28.5626,17438600
2016-03-15,31.34,31.65,31.06,31.65,28.7623,16927700
2016-03-16,31.49,31.8,31.17,31.69,28.7986,26298400
2016-03-17,31.76,32.17,31.7,31.98,29.0622,22865300
2016-03-18,32.16,32.69,32.06,32.68,29.6984,49934200
2016-03-21,32.23,32.42,31.95,32.34,29.3893,21760900
2016-03-22,32.16,32.46,31.95,32.32,29.3711,22200400
2016-03-23,32.47,32.47,31.98,32,29.0805,18765300
2016-03-24,31.87,31.95,31.7,31.88,28.9713,14211900
2016-03-28,31.87,32,31.62,31.9,28.9894,11433000
2016-03-29,31.93,32.44,31.73,32.38,29.4258,15313200
2016-03-30,32.45,32.75,32.29,32.71,29.7255,16598000
2016-03-31,32.53,32.66,32.32,32.35,29.3986,17880000
2016-04-01,32.27,32.47,32.1,32.45,29.4894,18049700
2016-04-04,32.2,32.38,31.74,32,29.0805,21581600
2016-04-05,31.89,32.12,31.72,31.9,28.9894,20080000
2016-04-06,31.97,32.23,31.77,32.08,29.153,15740600
2016-04-07,31.89,31.9,31.35,31.55,28.6714,23738200
2016-04-08,31.76,32.02,31.48,31.63,28.7441,17031900
2016-04-11,31.9,32.34,31.66,31.67,28.7805,19707700
2016-04-12,31.88,31.94,31.38,31.86,28.9533,16774200
2016-04-13,31.97,32.18,31.95,32.13,29.1986,19968100
2016-04-14,31.78,31.89,31.55,31.8,28.8987,21620900
2016-04-15,31.79,31.89,31.38,31.46,28.5896,28782800
2016-04-18,31.43,31.72,31.38,31.65,28.7623,21566600
2016-04-19,31.7,31.81,31.4,31.6,28.7168,33619300
2016-04-20,31.32,32.26,31.25,32,29.0805,57629800
2016-04-21,31.94,32.06,31.81,31.97,29.053,28431400
2016-04-22,31.74,31.86,31.22,31.64,28.7532,29625600
2016-04-25,31.36,31.5,31.2,31.39,28.526,19315700
2016-04-26,31.39,31.7,31.17,31.4,28.5349,20976400
2016-04-27,31.25,31.8,31.19,31.75,28.8532,20006200
2016-04-28,31.45,31.71,31.03,31.11,28.2716,25146400
2016-04-29,30.86,30.87,30.1,30.28,27.5173,36443700
2016-05-02,30.45,30.69,30.36,30.61,27.8173,21086600
2016-05-03,30.41,30.56,30.09,30.36,27.5899,27111100
2016-05-04,30.17,30.21,29.7,29.85,27.3609,23278800
2016-05-05,29.87,30.02,29.75,29.9,27.4068,23393300
2016-05-06,29.61,30.11,29.52,30.04,27.5352,19632200
2016-05-09,30.08,30.17,29.76,29.8,27.3149,16888300
2016-05-10,30,30.18,29.82,30.14,27.6267,17013800
2016-05-11,30.16,30.25,29.97,30.06,27.5534,15754200
2016-05-12,30.11,30.24,29.57,29.76,27.2784,20826700
2016-05-13,29.86,30.2,29.84,29.91,27.4158,19999600
2016-05-16,29.9,30.56,29.88,30.39,27.8559,21826100
2016-05-17,30.57,30.57,29.86,29.98,27.4801,25709900
2016-05-18,30.03,30.25,29.78,29.99,27.4892,22469900
2016-05-19,29.77,29.93,29.5,29.63,27.1591,21740900
2016-05-20,29.73,30.38,29.7,30.15,27.6359,22777300
2016-05-23,30.23,30.48,30.13,30.23,27.7091,20881900
2016-05-24,30.5,31.12,30.45,31.06,28.4699,23699200
2016-05-25,31.2,31.57,31.15,31.39,28.7724,18359600
2016-05-26,31.49,31.63,31.4,31.49,28.8641,12692300
2016-05-27,31.6,31.65,31.45,31.57,28.9375,13341300
2016-05-31,31.51,31.65,31.31,31.59,28.9557,23040200
2016-06-01,31.62,31.72,31.47,31.66,29.0198,17753500
2016-06-02,31.56,31.76,31.45,31.76,29.1115,14140100
2016-06-03,31.74,31.74,31.4,31.62,28.9833,15777500
2016-06-06,31.64,31.82,31.58,31.68,29.038,15139600
2016-06-07,31.75,32.02,31.7,31.88,29.2216,19339100
2016-06-08,31.8,32,31.79,31.89,29.2307,12732100
2016-06-09,31.68,32,31.68,31.94,29.2765,11276800
2016-06-10,31.7,32.24,31.65,32.04,29.3682,35749100
2016-06-13,32.05,32.5,32.04,32.17,29.4875,23004800
2016-06-14,32.01,32.24,31.79,32.14,29.4599,18754300
2016-06-15,32.25,32.26,31.59,31.61,28.9742,23783300
2016-06-16,31.44,31.77,31.22,31.69,29.0474,18547900
2016-06-17,31.73,31.81,31.47,31.76,29.1115,27047900
2016-06-20,32.07,32.44,32.01,32.17,29.4875,21961600
2016-06-21,32.26,32.38,32.09,32.32,29.6248,15476500
2016-06-22,32.3,32.63,32.25,32.29,29.5974,18304800
2016-06-23,32.58,33,32.5,32.99,30.239,22048800
2016-06-24,31.8,32.32,31.4,31.55,28.9189,38094300
2016-06-27,31.41,31.41,30.44,30.72,28.1585,34965100
2016-06-28,30.97,31.2,30.81,31.19,28.5891,23693900
2016-06-29,31.35,31.98,31.31,31.93,29.2675,22771100
2016-06-30,32,32.88,31.97,32.8,30.0648,34528900
2016-07-01,32.64,32.89,32.47,32.75,30.019,17084600
2016-07-05,32.5,32.73,32.46,32.68,29.9549,20107200
2016-07-06,32.8,33,32.38,32.97,30.2208,21070200
2016-07-07,32.96,33.55,32.96,33.2,30.4315,26119400
2016-07-08,33.65,34,33.5,34,31.1649,23341900
2016-07-11,34.04,34.5,34.04,34.38,31.5132,23820700
2016-07-12,34.51,34.97,34.48,34.94,32.0265,28064100
2016-07-13,35.04,35.25,34.88,35.01,32.0906,29120900
2016-07-14,35.13,35.3,34.96,35.2,32.2648,25296400
2016-07-15,35.26,35.29,34.9,35.07,32.1456,23661900
2016-07-18,35.18,35.2,34.95,35.05,32.1273,19347200
2016-07-19,34.89,35.16,34.85,35.15,32.2189,20395400
2016-07-20,35.3,35.93,35.06,35.69,32.7136,42994200
2016-07-21,34.33,34.49,33.86,34.27,31.4123,63708600
2016-07-22,34.38,34.7,34.26,34.66,31.7699,33033700
2016-07-25,34.62,34.76,34.57,34.69,31.7973,20277700
2016-07-26,34.75,35.23,34.7,35.09,32.1639,29644400
2016-07-27,35,35.28,34.63,34.83,31.9256,23601800
2016-07-28,34.83,34.83,34.52,34.77,31.8706,21667400
2016-07-29,34.77,34.92,34.6,34.86,31.9529,18171200
2016-08-01,34.82,34.91,34.56,34.85,31.9439,18824400
2016-08-02,34.81,34.87,34.33,34.56,31.6781,20057300
2016-08-03,34.1,34.28,33.99,34.25,31.6318,18388800
2016-08-04,34.29,34.62,34.22,34.58,31.9367,16362600
2016-08-05,34.8,35.13,34.7,34.98,32.3062,20046200
2016-08-08,34.9,35.17,34.86,35.04,32.3615,19497300
2016-08-09,35.04,35.16,34.84,34.92,32.2507,12578900
2016-08-10,35,35,34.5,34.53,31.8903,19579000
2016-08-11,34.66,34.74,34.49,34.68,32.0289,16364100
2016-08-12,34.52,34.76,34.44,34.57,31.9274,15708300
2016-08-15,34.7,35.16,34.63,34.91,32.2415,18931100
2016-08-16,34.77,35.21,34.77,35.21,32.5186,16320900
2016-08-17,35.17,35.21,34.77,35.02,32.3429,18221600
2016-08-18,34.96,35.09,34.75,34.97,32.2968,16085200
2016-08-19,34.84,35.27,34.74,35.24,32.5463,16417600
2016-08-22,35.2,35.45,35.12,35.36,32.6571,14941400
2016-08-23,35.5,35.69,35.3,35.4,32.6943,18316000
2016-08-24,35.32,35.41,35.02,35.15,32.4631,16343500
2016-08-25,35.05,35.22,34.9,35.09,32.4078,12428000
2016-08-26,35.11,35.58,35.05,35.26,32.5646,14469900
2016-08-29,35.48,35.67,35.15,35.55,32.8326,15264300
2016-08-30,35.59,35.74,35.52,35.7,32.971,15183200
2016-08-31,35.62,35.9,35.58,35.89,33.1466,20562700
2016-09-01,35.99,36.04,35.58,36.02,33.2667,18925800
2016-09-02,36.21,36.33,35.95,36.08,33.3218,16726700
2016-09-06,36.38,36.6,36.17,36.57,33.7745,22337800
2016-09-07,36.65,36.65,36.38,36.46,33.6731,18495600
2016-09-08,36.35,36.59,36.12,36.44,33.6544,20356500
2016-09-09,36.1,36.39,35.44,35.44,32.7309,29457900
2016-09-12,35.19,36.12,35.06,36.08,33.3218,22796600
2016-09-13,35.75,35.88,35.32,35.61,32.888,23591300
2016-09-14,35.51,35.82,35.4,35.62,32.8972,14074500
2016-09-15,35.74,36.65,35.54,36.56,33.7653,23736000
2016-09-16,37.72,38.05,37.25,37.67,34.7906,74577900
2016-09-19,37.69,38.02,37.09,37.16,34.3196,30531700
2016-09-20,37.42,37.43,36.94,37.14,34.3009,24796900
2016-09-21,37.21,37.46,36.86,37.45,34.5873,21233700
2016-09-22,37.6,37.83,37.44,37.55,34.6797,17013400
2016-09-23,37.45,37.65,37.12,37.19,34.3472,18062500
2016-09-26,36.92,36.94,36.6,36.65,33.8485,25518800
2016-09-27,36.9,37.22,36.63,37.18,34.3379,22391600
2016-09-28,37.31,37.5,37.15,37.44,34.5781,19020800
2016-09-29,37.49,37.53,37,37.32,34.4674,17675000
2016-09-30,37.47,37.92,37.44,37.75,34.8642,24279300
2016-10-03,37.69,37.95,37.53,37.66,34.7815,14113600
2016-10-04,37.77,37.94,37.33,37.54,34.6704,14393100
2016-10-05,37.75,38.31,37.64,37.99,35.0859,22420800
2016-10-06,37.84,38.16,37.58,38.07,35.1599,15171400
2016-10-07,38.08,38.22,37.78,38.1,35.1877,16942500
2016-10-10,38.25,38.36,37.9,38.02,35.1136,14954300
2016-10-11,37.91,38,36.82,37.27,34.4212,27650500
2016-10-12,37.2,37.25,36.81,37.13,34.2918,14053900
2016-10-13,36.85,37.13,36.46,36.97,34.1442,16936000
2016-10-14,37.19,37.7,37.16,37.45,34.5873,19123900
2016-10-17,37.55,37.72,37.24,37.29,34.4397,15788100
2016-10-18,37.97,38.05,37.53,37.75,34.8642,42907800
2016-10-19,36.07,36.09,35.23,35.51,32.7956,75229000
2016-10-20,35.41,35.67,35.1,35.43,32.7219,25669500
2016-10-21,35.21,35.4,34.81,35.15,32.4631,20813200
2016-10-24,35.43,35.49,35.11,35.26,32.5646,21524700
2016-10-25,35.14,35.25,35.01,35.1,32.4169,17860300
2016-10-26,35.04,35.21,34.74,34.92,32.2507,19977600
2016-10-27,35.1,35.23,34.75,34.81,32.1491,14634700
2016-10-28,34.87,35.17,34.71,34.74,32.0844,22296400
2016-10-31,34.92,35.08,34.84,34.87,32.2047,19188600
2016-11-01,34.9,35.16,34.27,34.52,31.8813,25368200
2016-11-02,34.6,34.9,34.47,34.6,31.9551,21416400
2016-11-03,34.45,34.52,33.87,33.93,31.5735,19400000
2016-11-04,33.53,33.93,33.42,33.61,31.276,21914700
2016-11-07,34.24,34.75,34.15,34.69,32.2809,19296600
2016-11-08,34.6,34.95,34.49,34.74,32.3273,14833100
2016-11-09,34.13,34.85,33.67,34.75,32.3367,25999400
2016-11-10,34.95,34.95,34.03,34.5,32.1041,28249900
2016-11-11,34.57,34.87,34.34,34.61,32.2065,22665000
2016-11-14,34.56,34.73,34.2,34.48,32.0855,22558900
2016-11-15,34.64,35.29,34.61,34.91,32.4855,20676100
2016-11-16,34.9,34.92,34.54,34.84,32.4205,18565500
2016-11-17,34.81,35.02,34.63,35.02,32.5879,15748500
2016-11-18,34.9,35,34.64,34.95,32.5228,16806900
2016-11-21,35.1,35.2,34.84,34.98,32.5508,14259500
2016-11-22,35.18,35.5,35.11,35.48,33.016,22327400
2016-11-23,35.48,35.52,35.1,35.2,32.7554,15843100
2016-11-25,35.11,35.45,35.11,35.44,32.9787,6372800
2016-11-28,35.43,35.66,35.21,35.51,33.0438,13549000
2016-11-29,35.64,35.64,35.27,35.31,32.8578,19581000
2016-11-30,35.2,35.3,34.7,34.7,32.2902,27016100
2016-12-01,34.86,34.93,33.56,33.76,31.4156,29618700
2016-12-02,33.72,34.26,33.6,34.16,31.7878,21492500
2016-12-05,34.31,34.42,33.97,34.39,32.0016,14462000
2016-12-06,34.39,34.75,34.3,34.72,32.3087,15297700
2016-12-07,34.67,35.57,34.45,35.5,33.0347,21710300
2016-12-08,35.48,36.03,35.22,35.7,33.2205,19966500
2016-12-09,35.75,35.9,35.59,35.76,33.2765,16326900
2016-12-12,35.78,36.09,35.67,35.97,33.4721,21985800
2016-12-13,36.01,36.89,35.93,36.8,34.2443,35773600
2016-12-14,36.7,36.89,36.46,36.55,34.0117,30819400
2016-12-15,36.74,37.16,36.53,36.79,34.2351,23721500
2016-12-16,36.72,36.87,36.09,36.31,33.7883,38212800
2016-12-19,36.34,36.95,36.27,36.89,34.3279,18744300
2016-12-20,36.95,37.24,36.89,37.21,34.6258,18551800
2016-12-21,37.25,37.35,36.91,36.98,34.4118,14323600
2016-12-22,37.23,37.24,36.81,36.93,34.3652,10793900
2016-12-23,36.93,36.98,36.77,36.97,34.4024,6287300
2016-12-27,36.91,37.33,36.91,37.07,34.4956,9033700
2016-12-28,37.1,37.2,36.58,36.63,34.0862,12868600
2016-12-29,36.51,36.72,36.43,36.66,34.1141,8447300
2016-12-30,36.79,36.8,36.2,36.27,33.7512,17468000
2017-01-03,36.61,36.93,36.27,36.6,34.0581,20196500
2017-01-04,36.71,36.77,36.34,36.41,33.8812,15915700
2017-01-05,36.45,36.72,36.31,36.35,33.8256,13986000
2017-01-06,36.59,36.68,36.19,36.48,33.9464,15114000
2017-01-09,36.48,36.89,36.48,36.61,34.0676,19461400
2017-01-10,36.55,36.93,36.53,36.54,34.0024,15918800
2017-01-11,36.51,37,36.51,36.95,34.384,22398400
2017-01-12,36.83,36.83,36.32,36.71,34.1606,20391900
2017-01-13,36.71,36.86,36.62,36.79,34.2351,15072200
2017-01-17,36.67,36.83,36.59,36.8,34.2443,20195200
2017-01-18,36.89,37.01,36.61,36.76,34.2071,15382500
2017-01-19,36.51,36.91,36.51,36.57,34.0304,13654500
2017-01-20,36.76,37.03,36.58,36.94,34.3747,23950900
2017-01-23,37.07,37.21,36.55,36.77,34.2164,27752600
2017-01-24,36.84,37.74,36.81,37.62,35.0073,35140900
2017-01-25,37.87,38,37.52,37.8,35.1748,32276400
2017-01-26,37.82,37.92,37.42,37.56,34.9517,34144800
2017-01-27,38,38.45,37.81,37.98,35.3424,44368600
2017-01-30,37.74,37.84,37.33,37.42,34.8213,23954700
2017-01-31,37.22,37.37,36.64,36.82,34.2629,27059100
2017-02-01,36.82,36.95,36.02,36.52,33.9839,28380600
2017-02-02,36.26,36.7,36.2,36.68,34.1325,31916900
2017-02-03,36.69,36.82,36.45,36.52,34.2263,21038100
2017-02-06,36.51,36.51,36.15,36.27,33.992,21427000
2017-02-07,36.45,36.52,36.24,36.35,34.0671,18581900
2017-02-08,36.34,36.65,36.14,36.38,34.0953,20807400
2017-02-09,36.5,36.5,35.4,35.46,33.233,47802700
2017-02-10,35.26,35.43,34.84,35.34,33.1205,44106500
2017-02-13,35.57,35.85,35.34,35.8,33.5516,28180600
2017-02-14,35.84,35.96,35.53,35.93,33.6735,25734800
2017-02-15,35.98,36.06,35.67,36.05,33.786,18452200
2017-02-16,36.18,36.56,36.1,36.41,34.1232,21317500
2017-02-17,36.32,36.48,36.1,36.48,34.1889,18909900
2017-02-21,36.53,36.65,36.33,36.52,34.2263,20556000
2017-02-22,36.34,36.4,35.79,36.07,33.8045,29904400
2017-02-23,36.24,36.3,35.9,36.18,33.9077,22775000
2017-02-24,36.14,36.53,35.95,36.53,34.2358,18617600
2017-02-27,36.42,36.68,36.27,36.51,34.217,14065200
2017-02-28,36.42,36.46,36,36.2,33.9264,24977000
2017-03-01,35.85,36.1,35.44,35.93,33.6735,34085900
2017-03-02,35.93,36.02,35.65,35.91,33.6546,23602100
2017-03-03,35.94,36.09,35.67,35.9,33.6454,17538100
2017-03-06,35.79,35.8,35.42,35.57,33.3358,24416700
2017-03-07,35.54,35.8,35.39,35.8,33.5516,23434900
2017-03-08,35.67,35.9,35.53,35.62,33.3828,20920100
2017-03-09,35.6,35.94,35.5,35.82,33.5703,23616800
2017-03-10,36.12,36.3,35.78,35.91,33.6546,25402300
2017-03-13,35.85,36.04,34.94,35.16,32.9517,53582900
2017-03-14,35.06,35.23,34.66,35.18,32.9705,28586900
2017-03-15,34.94,35.17,34.68,35.1,32.8956,27996100
2017-03-16,35.17,35.36,35.07,35.14,32.9329,19616100
2017-03-17,35.31,35.33,35.1,35.27,33.0549,30778900
2017-03-20,35.37,35.63,35.26,35.43,33.2049,17322300
2017-03-21,35.59,35.6,35,35.04,32.8393,22814500
2017-03-22,35.22,35.46,35,35.37,33.1486,19144500
2017-03-23,35.49,35.49,35.02,35.27,33.0549,20640400
2017-03-24,35.65,35.73,35.12,35.16,32.9517,22188000
2017-03-27,35.07,35.5,34.94,35.39,33.1674,16992200
2017-03-28,35.34,35.71,35.21,35.6,33.3642,18398100
2017-03-29,35.52,35.7,35.44,35.57,33.3358,17202600
2017-03-30,35.58,35.89,35.52,35.75,33.5048,16433000
2017-03-31,35.75,36.25,35.74,36.07,33.8045,21438400
2017-04-03,36.19,36.74,36.12,36.16,33.889,32013600
2017-04-04,36.12,36.38,35.99,36.28,34.0015,18918000
2017-04-05,36.43,36.76,36.17,36.22,33.945,22455500
2017-04-06,36.13,36.28,36.03,36.03,33.7671,20198200
2017-04-07,36.07,36.32,35.99,36.03,33.7671,15689500
2017-04-10,36.02,36.09,35.61,35.8,33.5516,19973700
2017-04-11,35.77,35.79,35.21,35.74,33.4953,22711800
2017-04-12,35.87,36.01,35.5,35.63,33.3923,19289800
2017-04-13,35.55,35.76,35.25,35.25,33.0362,15764000
2017-04-17,35.44,35.59,35.33,35.48,33.2517,12560700
2017-04-18,35.43,35.81,35.3,35.77,33.5236,12321100
2017-04-19,35.97,36.22,35.89,35.91,33.6546,16594600
2017-04-20,36.18,36.27,35.86,36.18,33.9077,22968300
2017-04-21,36.2,36.42,35.85,36.32,34.0388,20390500
2017-04-24,36.67,36.85,36.46,36.75,34.4418,26305800
2017-04-25,36.77,37,36.66,36.87,34.5544,22066800
2017-04-26,36.78,37.23,36.78,36.93,34.6107,27241000
2017-04-27,36.87,37.5,36.78,37.43,35.0794,39890000
2017-04-28,36.1,36.49,35.88,36.15,33.8796,56769300
2017-05-01,36.11,36.4,35.94,36.31,34.0296,24825600
2017-05-02,36.37,37.03,36.35,36.97,34.6481,35813000
2017-05-03,36.72,37.17,36.62,36.98,34.9153,22040300
2017-05-04,36.99,37.11,36.64,36.85,34.7926,16437100
2017-05-05,36.86,36.93,36.5,36.82,34.7644,18119200
2017-05-08,36.73,36.85,36.48,36.54,34.4999,17660200
2017-05-09,36.48,36.75,36.28,36.37,34.3395,17819100
2017-05-10,36.27,36.38,35.93,36.01,33.9996,25133800
2017-05-11,35.91,36,35.45,35.69,33.6974,21508900
2017-05-12,35.72,35.74,35.4,35.53,33.5463,19730800
2017-05-15,35.53,35.72,35.42,35.63,33.6407,22120100
2017-05-16,35.75,35.89,35.42,35.82,33.82,22291800
2017-05-17,35.67,35.99,35.02,35.04,33.0836,26670200
2017-05-18,35.19,35.47,35.08,35.22,33.2536,17171900
2017-05-19,35.15,35.55,35.13,35.4,33.4235,18340100
2017-05-22,35.48,36.11,35.38,35.77,33.7729,14638100
2017-05-23,35.87,35.99,35.56,35.86,33.8579,16903700
2017-05-24,35.98,36.18,35.89,36.12,34.1032,20640600
2017-05-25,36.12,36.39,36.06,36.26,34.2356,13148500
2017-05-26,36.26,36.33,36.13,36.26,34.2356,11145500
2017-05-30,36.27,36.44,36.09,36.18,34.1601,13026900
2017-05-31,36.31,36.38,35.87,36.11,34.0939,17741900
2017-06-01,36.12,36.13,35.8,36.12,34.1032,17510900
2017-06-02,36.27,36.33,36,36.32,34.2922,19127400
2017-06-05,36.3,36.5,36.2,36.34,34.311,11685700
2017-06-06,36.16,36.45,35.98,36.13,34.113,18420900
2017-06-07,36.13,36.57,36.1,36.26,34.2356,17192000
2017-06-08,36.34,36.53,36.16,36.48,34.4431,17154200
2017-06-09,36.5,36.56,35.31,35.71,33.7163,33322100
2017-06-12,35.59,36.01,35.41,35.73,33.735,28488300
2017-06-13,35.68,35.95,35.53,35.88,33.8768,20588200
2017-06-14,35.99,36.05,35.22,35.53,33.5463,19149000
2017-06-15,35.21,35.48,35.14,35.31,33.3384,20410000
2017-06-16,35.28,35.33,35.01,35.21,33.2441,30762800
2017-06-19,35.61,35.61,35.32,35.51,33.5273,21583800
2017-06-20,35.45,35.45,34.84,34.86,32.9137,21536500
2017-06-21,34.33,34.6,34.09,34.58,32.6493,27138500
2017-06-22,34.56,34.63,34.29,34.36,32.4417,24602900
2017-06-23,34.21,34.55,34.1,34.19,32.2811,29260900
2017-06-26,34.26,34.51,34.03,34.07,32.1678,18854800
2017-06-27,34,34.15,33.65,33.65,31.7714,27078900
2017-06-28,33.77,34.24,33.74,34.2,32.2906,25940100
2017-06-29,33.92,34.1,33.34,33.54,31.6674,25215700
2017-06-30,33.87,33.93,33.53,33.74,31.8561,24432000
2017-07-03,33.51,34.03,33.43,33.46,31.5919,12676900
2017-07-05,33.52,34.43,33.49,34.34,32.4228,30010800
2017-07-06,34.12,34.29,33.56,33.63,31.7524,20733200
2017-07-07,33.7,34.12,33.7,33.88,31.9884,18304500
2017-07-10,33.25,33.74,33.23,33.65,31.7714,29918400
2017-07-11,33.64,33.93,33.43,33.92,32.0263,25737500
2017-07-12,34.28,34.39,33.94,34.25,32.3378,23768300
2017-07-13,34.33,34.4,34.12,34.24,32.3282,15046200
2017-07-14,34.48,34.71,34.27,34.68,32.7438,16316400
2017-07-17,34.74,34.74,34.36,34.47,32.5454,21044400
2017-07-18,34.43,34.58,34.25,34.53,32.602,14362800
2017-07-19,34.68,34.68,34.46,34.56,32.6305,17036200
2017-07-20,34.54,34.84,34.48,34.75,32.8098,17506200
2017-07-21,34.54,34.82,34.4,34.73,32.791,22245000
2017-07-24,34.73,34.8,34.38,34.5,32.5737,16146300
2017-07-25,34.55,34.74,34.4,34.67,32.7343,18096700
2017-07-26,34.7,34.97,34.59,34.75,32.8098,15499300
2017-07-27,34.78,35.25,34.67,34.97,33.0175,43062800
2017-07-28,35.13,35.86,35,35.31,33.3384,36291500
2017-07-31,35.47,35.74,35.32,35.47,33.4898,27057000
2017-08-01,35.66,36.43,35.57,36.35,34.3205,38710200
2017-08-02,36.33,36.67,36.06,36.64,34.5943,35004300
2017-08-03,36.55,36.59,36.15,36.49,34.7112,26611300
2017-08-04,36.45,36.56,36.1,36.3,34.5306,20520300
2017-08-07,36.39,36.55,36.22,36.43,34.6543,18169300
2017-08-08,36.37,36.7,36.3,36.41,34.6353,22819900
2017-08-09,36.28,36.66,36.02,36.59,34.8065,22796800
2017-08-10,36.4,36.56,36.11,36.14,34.3784,22693300
2017-08-11,36.26,36.4,35.79,35.87,34.1214,19275100
2017-08-14,36.12,36.47,36.08,36.34,34.5686,18469400
2017-08-15,36.3,36.32,35.82,36,34.2452,21706600
2017-08-16,35.98,36.07,35.56,35.81,34.0646,22014000
2017-08-17,35.6,35.68,35.17,35.17,33.4557,19525000
2017-08-18,35.29,35.31,34.99,35.01,33.3033,16231400
2017-08-21,35.09,35.28,34.7,34.92,33.2179,26493300
2017-08-22,35.02,35.19,34.62,34.65,32.9611,26097800
2017-08-23,34.54,34.81,34.38,34.66,32.9705,19648100
2017-08-24,34.7,34.89,34.55,34.71,33.0181,14301900
2017-08-25,34.82,34.93,34.58,34.67,32.9798,14726800
2017-08-28,34.78,34.8,34.59,34.65,32.9611,20712900
2017-08-29,34.51,34.75,34.46,34.73,33.0371,15843700
2017-08-30,34.75,34.96,34.63,34.89,33.1893,18565000
2017-08-31,34.94,35.18,34.87,35.07,33.3607,16366800
2017-09-01,35.24,35.39,35.07,35.09,33.3797,12822000
2017-09-05,35.02,35.33,34.93,35.02,33.3131,18772000
2017-09-06,35.22,35.94,35.11,35.76,34.017,28076400
2017-09-07,35.88,35.95,35.33,35.54,33.8075,16297100
2017-09-08,35.42,35.54,35.08,35.19,33.4748,14125000
2017-09-11,35.49,36,35.14,35.77,34.0264,20037600
2017-09-12,35.88,36.34,35.74,36.09,34.3308,19489900
2017-09-13,36,36.4,35.97,36.33,34.5591,15509800
2017-09-14,36.19,36.7,36.16,36.48,34.7018,18093900
2017-09-15,36.55,37.08,36.22,37,35.1963,33596100
2017-09-18,37,37.33,36.8,37,35.1963,19393800
2017-09-19,37.2,37.3,37.02,37.23,35.4153,23850500
2017-09-20,37.23,37.29,36.66,37.07,35.263,23957500
2017-09-21,36.99,37.27,36.85,37.2,35.3867,22954200
2017-09-22,36.95,37.22,36.95,37.18,35.3677,21631800
2017-09-25,37.05,37.23,36.85,37.16,35.3486,23180800
2017-09-26,37.21,37.64,37,37.47,35.6434,29790400
2017-09-27,37.62,37.69,37.1,37.54,35.71,25981400
2017-09-28,37.32,37.88,37.29,37.83,35.9859,21171400
2017-09-29,37.84,38.15,37.7,38.08,36.2237,23217300
2017-10-02,38.12,39.09,38.08,39.04,37.1371,37394500
2017-10-03,38.95,39.7,38.95,39.38,37.4605,34002200
2017-10-04,39.39,39.4,38.86,39.34,37.4224,28368800
2017-10-05,39.5,39.65,39.21,39.53,37.6031,17710300
2017-10-06,39.6,39.89,39.42,39.63,37.6981,18887500
2017-10-09,39.68,39.88,39.52,39.86,37.917,18494100
2017-10-10,39.93,39.95,39.38,39.65,37.7171,29890000
2017-10-11,39.48,39.67,39.06,39.3,37.3844,30754700
2017-10-12,39.35,39.39,38.98,39.19,37.2797,18286900
2017-10-13,39.44,39.81,39.28,39.67,37.7362,16829400
2017-10-16,39.71,39.79,39.44,39.76,37.8219,12489100
2017-10-17,39.56,39.87,39.37,39.79,37.8504,15532800
2017-10-18,39.8,40.29,39.6,40.25,38.2881,21424600
2017-10-19,39.88,40.33,39.83,40.09,38.1356,19222700
2017-10-20,40.33,40.45,40.1,40.43,38.4594,18335700
2017-10-23,40.55,41.04,40.4,40.83,38.8397,28647000
2017-10-24,41,41.05,40.72,40.95,38.9539,19652400
2017-10-25,40.89,41.06,40.49,40.78,38.7921,24031700
2017-10-26,40.91,41.58,40.71,41.35,39.3345,38247400
2017-10-27,43.3,45,43.1,44.4,42.2356,90028300
2017-10-30,44.48,45.19,43.88,44.37,42.2072,48161500
2017-10-31,45.2,45.8,44.65,45.49,43.2725,47000900
2017-11-01,45.97,46.71,45.59,46.71,44.433,47813700
2017-11-02,46.61,47.23,46.21,47.1,44.8042,44602300
2017-11-03,47.2,47.3,45.6,46.34,44.0812,39298100
2017-11-06,46.6,46.74,46.09,46.7,44.6848,34035000
2017-11-07,46.7,47.09,46.39,46.78,44.7614,24461400
2017-11-08,46.62,46.7,46.28,46.7,44.6848,21565800
2017-11-09,46.05,46.39,45.65,46.3,44.3021,25570400
2017-11-10,46.04,46.09,45.38,45.58,43.6132,24095400
2017-11-13,45.26,45.94,45.25,45.75,43.7758,18999000
2017-11-14,45.7,45.92,45.32,45.86,43.881,22201200
2017-11-15,45.39,45.81,45.17,45.46,43.4983,17157200
2017-11-16,45.63,46.07,45.46,45.65,43.6802,26439400
2017-11-17,45.5,45.62,44.62,44.63,42.7042,63798000
2017-11-20,44.73,45.12,44.5,44.62,42.6946,22420000
2017-11-21,44.72,45.22,44.71,44.94,43.0008,21871000
2017-11-22,44.94,44.95,44.54,44.65,42.7232,19538300
2017-11-24,44.55,44.78,44.43,44.75,42.819,6465800
2017-11-27,44.42,44.61,44.27,44.49,42.5702,18202100
2017-11-28,44.65,44.84,44.32,44.73,42.7999,20194100
2017-11-29,44.85,45.09,43.77,43.95,42.0535,27036900
2017-11-30,44.36,45.2,44.33,44.84,42.9049,34145300
2017-12-01,44.73,44.84,43.53,44.68,42.752,26656300
2017-12-04,45.02,45.3,44.33,44.49,42.5702,28000800
2017-12-05,44.6,44.9,43.23,43.44,41.5655,30626900
2017-12-06,43.14,43.72,42.67,43.45,41.575,27710800
2017-12-07,43.46,43.6,42.78,43.08,41.2211,32708400
2017-12-08,43.35,43.58,43.11,43.35,41.4794,23154700
2017-12-11,43.28,43.78,43.25,43.66,41.776,20425900
2017-12-12,43.47,43.62,43.08,43.33,41.4602,16557400
2017-12-13,43.65,43.66,43.24,43.34,41.4699,21399500
2017-12-14,43.43,43.57,43.02,43.26,41.3931,19644900
2017-12-15,43.4,44.84,43.07,44.56,42.6371,47477000
2017-12-18,45.15,46.35,45.04,46.26,44.2637,50369300
2017-12-19,46.3,47.26,45.89,47.04,45.0101,41421100
2017-12-20,47.47,47.64,46.66,47.56,45.5077,40935000
2017-12-21,47.54,47.59,46.56,46.76,44.7423,42963500
2017-12-22,46.33,47.02,46.02,46.7,44.6848,33913500
2017-12-26,46.28,46.47,45.95,46.08,44.0916,15533300
2017-12-27,46.11,46.36,46,46.11,44.1203,13359700
2017-12-28,46.36,46.36,45.95,46.22,44.2255,9504400
2017-12-29,46.21,46.49,46.09,46.16,44.168,17394500
2018-01-02,46.38,46.9,46.21,46.85,44.8284,23370800
2018-01-03,45.47,46.21,43.65,45.26,43.3069,116479000
2018-01-04,43.52,44.65,42.69,44.43,42.5129,89209100
2018-01-05,44.43,45.15,43.9,44.74,42.8094,41824000
2018-01-08,44.27,44.84,43.96,44.74,42.8094,33733800
2018-01-09,44.7,44.84,43.49,43.62,41.7378,44282300
2018-01-10,43.33,43.6,42.44,42.5,40.6661,45735000
2018-01-11,42.8,43.58,42.45,43.41,41.5368,35371500
2018-01-12,43.45,43.6,43.01,43.24,41.374,29973600
2018-01-16,43.55,43.79,42.89,43.14,41.2785,38367200
2018-01-17,43.55,44.45,43.51,44.39,42.4745,32368600
2018-01-18,44.4,44.74,44.17,44.48,42.5607,26826500
2018-01-19,44.62,44.89,44.25,44.82,42.8859,25780200
2018-01-22,44.8,45.79,44.79,45.75,43.7758,27706800
2018-01-23,45.81,46.09,45.63,46.06,44.0724,22135100
2018-01-24,45.9,46.13,44.96,45.51,43.5461,32464200
2018-01-25,45.88,46.37,45.17,45.3,43.3452,36758700
2018-01-26,48.38,50.15,48.12,50.08,47.919,86916100
2018-01-29,49.6,50.85,49.37,49.98,47.8232,46304000
2018-01-30,49.48,50.06,48.74,48.79,46.6846,32814600
2018-01-31,49.23,49.25,47.56,48.14,46.0626,41619900
2018-02-01,47.7,48.47,47.45,47.65,45.5938,28840400
2018-02-02,47.32,47.79,46.1,46.15,44.1587,28663000
2018-02-05,46.35,47.26,44.5,44.52,42.599,47869000
2018-02-06,44.02,44.93,43.03,44.91,43.2636,58145400
2018-02-07,44.58,46.3,44.34,45.2,43.5429,37508400
2018-02-08,45.28,45.42,42.74,42.75,41.1828,43151300
2018-02-09,43.5,44.28,42.04,43.95,42.3387,49301100
2018-02-12,44.15,45.16,44.09,44.83,43.1866,28379500
2018-02-13,44.59,44.78,44.26,44.46,42.8301,19517600
2018-02-14,44.07,45.51,44.04,45.38,43.7163,19922000
2018-02-15,45.88,45.99,44.95,45.92,44.2366,23536800
2018-02-16,45.82,46.59,45.51,45.56,43.8898,21475200
2018-02-20,45.46,46.71,45.39,46.32,44.6219,25512000
2018-02-21,46.67,47.06,45.92,45.94,44.2559,27527500
2018-02-22,46.14,46.56,45.62,45.8,44.1209,16946400
2018-02-23,46.34,47.79,46.31,47.73,45.9803,26040900
2018-02-26,48.2,49.13,48.1,49.11,47.3097,26992300
2018-02-27,49.37,50.9,49.31,49.91,48.0803,43624100
2018-02-28,50.18,50.34,49.28,49.29,47.4831,35541200
2018-03-01,49.5,49.72,47.47,47.84,46.0862,36326600
2018-03-02,47.2,49.05,46.96,48.98,47.1844,33310600
2018-03-05,48.57,49.8,48.04,49.75,47.9261,30826500
2018-03-06,50.16,51.33,50.15,50.71,48.851,39132300
2018-03-07,50.18,51.49,50.1,51.32,49.4386,31801900
2018-03-08,51.79,52.08,50.47,50.74,48.8798,29481200
2018-03-09,51.27,52.3,51,52.19,50.2767,32727900
2018-03-12,51.86,51.95,50.5,51.52,49.6313,32044400
2018-03-13,52.52,53.78,51.39,51.78,49.8817,45573900
2018-03-14,52.06,52.18,51.31,51.86,49.9588,24993500
2018-03-15,52.23,52.3,50.88,50.88,49.0148,25631200
2018-03-16,51.17,51.7,50.99,51.17,49.2942,42559800
2018-03-19,50.74,51.23,49.93,50.83,48.9666,31115200
2018-03-20,50.88,51.81,50.85,51.55,49.6601,22215000
2018-03-21,51.55,52.17,51.17,51.56,49.6698,23239500
2018-03-22,50.74,51.96,50.6,50.83,48.9666,30916000
2018-03-23,50.59,50.99,49.36,49.36,47.5506,37683900
2018-03-26,50.74,52.49,50.32,52.48,50.5562,39306200
2018-03-27,53.01,53.25,50.78,51.19,49.3135,38777000
2018-03-28,50.5,50.7,49.01,49.6,47.7817,37970900
2018-03-29,49.98,52.08,49.87,52.08,50.1707,45265800
2018-04-02,51.69,52.04,47.29,48.92,47.1266,67187800
2018-04-03,49,49.96,48.41,49.75,47.9261,39432400
2018-04-04,48.1,50.16,48.01,49.99,48.1574,30370000
2018-04-05,50.01,50.72,49.97,50.38,48.533,25115400
2018-04-06,49.79,50.4,48.5,48.79,47.0014,28215200
2018-04-09,49.16,51.11,49.16,49.55,47.7335,31437000
2018-04-10,51.12,51.49,50.34,51.27,49.3904,25906400
2018-04-11,50.99,51.73,50.82,51.1,49.2266,17568400
2018-04-12,51.49,53.27,51.45,52.72,50.7873,29781400
2018-04-13,53.06,53.21,51.6,51.86,49.9588,20884900
2018-04-16,52.29,52.53,51.79,52.4,50.4791,18855500
2018-04-17,52.91,53.7,52.89,53.54,51.5773,21228700
2018-04-18,53.52,54.36,53.34,53.61,51.6447,22164700
2018-04-19,52.95,52.96,51.61,52.22,50.3057,25422400
2018-04-20,52.17,52.28,50.88,51.53,49.6408,26910100
2018-04-23,51.69,51.89,50.85,51.1,49.2266,21706700
2018-04-24,51.87,53.64,51.14,51.45,49.5639,42494700
2018-04-25,51.86,52.1,50.6,51.38,49.4964,25752800
2018-04-26,52.26,53.27,52.07,53.05,51.1052,39575000
2018-04-27,55.44,55.79,52.23,52.73,50.7968,69888100
2018-04-30,52.56,53.37,51.21,51.62,49.7277,36417400
2018-05-01,51.64,53.42,51.44,53.33,51.3748,27600800
2018-05-02,53.09,53.2,52.15,52.31,50.3923,25778300
2018-05-03,51.89,52.56,51.21,52.28,50.3634,28561000
2018-05-04,51.62,52.84,51,52.78,51.1384,25642500
2018-05-07,52.86,53.58,52.83,53.33,51.6714,20285700
2018-05-08,53.29,53.63,52.8,53.63,51.9622,21026800
2018-05-09,53.76,54.37,53.19,54.34,52.6499,19827500
2018-05-10,54.55,55,54.1,54.98,53.2701,18715900
2018-05-11,54.62,55.19,54.43,54.67,52.9698,15405000
2018-05-14,54.77,55.24,54.74,54.9,53.1926,21878200
2018-05-15,54.58,54.75,53.56,53.92,52.243,21712600
2018-05-16,54.17,54.7,53.96,54.64,52.9408,16260500
2018-05-17,54.55,55.44,54.42,54.81,53.1054,16872600
2018-05-18,54.53,54.54,53.47,53.5,51.8362,23679900
2018-05-21,54.36,55.22,53.86,54.32,52.6308,25367400
2018-05-22,54.73,55.05,54.05,54.45,52.7566,19009600
2018-05-23,54,55.23,53.84,55.21,53.4929,20555400
2018-05-24,55.18,55.3,54.13,54.75,53.0472,19667100
2018-05-25,54.8,55.5,54.54,55.44,53.7158,18550000
2018-05-29,55.12,55.81,54.81,55.32,53.5995,24253500
2018-05-30,55.89,56.2,55.62,55.68,53.9484,24711500
2018-05-31,55.67,55.86,55.06,55.2,53.4833,30962100
2018-06-01,55.84,57.1,55.8,57.08,55.3049,31183200
2018-06-04,57.01,57.6,56.78,56.83,55.0626,22538100
2018-06-05,56.9,57.12,56.22,56.53,54.7719,21687000
2018-06-06,56.53,57.06,56.08,57.03,55.2564,22955400
2018-06-07,56.92,57,55.62,55.88,54.1422,27596100
2018-06-08,55.56,55.7,54.66,55.05,53.3379,30822900
2018-06-11,54.8,55.09,54.26,54.52,52.8243,25752400
2018-06-12,54.87,55.03,54.22,54.82,53.1151,23294900
2018-06-13,54.98,55.7,54.91,55.03,53.3184,22631400
2018-06-14,55.45,55.86,55.18,55.54,53.8128,23419800
2018-06-15,55.17,55.38,54.58,55.11,53.396,39194700
2018-06-18,54.3,54.3,52.34,53.22,51.5649,40764400
2018-06-19,52.14,52.95,51.88,52.93,51.2838,31780900
2018-06-20,53.19,53.75,52.69,53.46,51.7974,21403000
2018-06-21,54.38,54.53,51.94,52.19,50.5669,44435600
2018-06-22,52.62,53.09,52.3,52.5,50.8673,34682100
2018-06-25,51.17,51.75,49.91,50.71,49.1329,45356500
2018-06-26,49.95,50.41,49.36,49.67,48.1253,37543000
2018-06-27,49.34,50.06,48.75,48.76,47.2436,33338800
2018-06-28,48.58,49.49,48.5,49.25,47.7183,29055700
2018-06-29,49.53,50.11,49.5,49.71,48.1639,28906500
2018-07-02,49.04,50.27,48.83,50.2,48.6388,23755500
2018-07-03,50.58,50.86,49.43,49.47,47.9315,16327900
2018-07-05,49.98,50.96,49.75,50.75,49.1717,26163500
2018-07-06,50.77,51.5,50.4,51.37,49.7724,19968000
2018-07-09,51.64,51.89,51,51.86,50.2471,21361600
2018-07-10,52.1,52.26,51.84,52.16,50.5379,17362900
2018-07-11,51.69,51.87,51.19,51.2,49.6077,18665600
2018-07-12,52.05,52.48,51.73,52.35,50.7218,20292700
2018-07-13,52.4,52.42,51.76,52.22,50.5959,13749300
2018-07-16,52.15,52.32,51.87,52.01,50.3925,15951500
2018-07-17,51.05,51.88,51.01,51.75,50.1405,15754500
2018-07-18,51.87,51.97,51.47,51.72,50.1115,14649000
2018-07-19,51.6,52.01,51.05,51.98,50.3634,15954600
2018-07-20,51.83,52.07,51.33,51.91,50.2956,17380500
2018-07-23,51.77,52.5,51.33,52.31,50.6832,15945500
2018-07-24,52.76,53.3,52.08,52.18,50.5573,17788700
2018-07-25,52.21,52.45,51.09,52.43,50.7994,19854800
2018-07-26,52.45,53.18,51.87,52.16,50.5379,28282500
2018-07-27,48.76,49.2,47.48,47.68,46.1972,67816700
2018-07-30,47.63,47.99,46.43,47.69,46.2068,35696600
2018-07-31,48.24,48.68,47.69,48.1,46.6041,36581200
2018-08-01,48.06,48.91,48,48.81,47.292,28060700
2018-08-02,48.5,49.52,48.2,49.48,47.9411,26452500
2018-08-03,49.5,49.78,49.17,49.63,48.0864,22008200
2018-08-06,48.77,49.31,48.32,49.3,48.0592,26669000
2018-08-07,49.43,49.83,49.41,49.7,48.4492,28322700
2018-08-08,49.6,50.13,49.44,49.96,48.7027,21990600
2018-08-09,49.86,50.6,49.72,50.14,48.8781,23795600
2018-08-10,48.51,49.17,48.3,48.85,47.6205,28712400
2018-08-13,48.92,49.24,48.38,48.45,47.2306,17070600
2018-08-14,48.67,48.76,47.65,48.12,46.909,23061600
2018-08-15,47.78,48,46.9,47.46,46.2655,26739900
2018-08-16,47.75,47.95,47.05,47.17,45.9827,24358000
2018-08-17,47,47.39,46.33,47.1,45.9146,26382000
2018-08-20,47.05,47.12,46.19,46.5,45.3296,24334000
2018-08-21,46.66,47.85,46.64,47.62,46.4215,19254300
2018-08-22,47.25,47.35,46.92,47.05,45.8659,23182500
2018-08-23,46.86,47.17,46.71,46.98,45.7976,31343200
2018-08-24,47.29,47.89,47.08,47.66,46.4605,18214700
2018-08-27,48,48.39,47.63,48.35,47.1332,17170300
2018-08-28,48.55,48.79,48.31,48.57,47.3475,13472400
2018-08-29,48.7,48.86,48.4,48.75,47.523,13479100
2018-08-30,48.52,48.83,48.09,48.24,47.0258,16418800
2018-08-31,47.96,48.56,47.92,48.43,47.2111,16484000
2018-09-04,48.38,48.43,47.56,47.96,46.7529,15682900
2018-09-05,47.75,48.12,47.47,47.72,46.519,20857200
2018-09-06,47.76,47.96,47.21,47.26,46.0705,19318100
2018-09-07,46.91,47.48,46.36,46.45,45.281,25958300
2018-09-10,46.56,46.76,46.23,46.3,45.1347,21522400
2018-09-11,46,46.03,44.89,44.93,43.7992,32455300
2018-09-12,44.56,44.98,44.06,44.93,43.7992,29778700
2018-09-13,45.68,45.85,45.11,45.57,44.4232,18657100
2018-09-14,45.78,45.97,45.35,45.54,44.3938,22998700
2018-09-17,45.29,45.9,45.19,45.42,44.2769,17603200
2018-09-18,45.58,46.53,45.41,46.1,44.9397,20528100
2018-09-19,46.09,46.44,45.89,46.15,44.9885,15918900
2018-09-20,46.78,47.36,46.52,47.2,46.0121,21999300
2018-09-21,47.12,47.42,46.37,46.66,45.4856,52650600
2018-09-24,46.31,47,46.15,46.91,45.7293,17847000
2018-09-25,46.22,46.39,45.8,45.91,44.7545,23389900
2018-09-26,46.04,46.3,45.58,45.7,44.5498,23957700
2018-09-27,45.91,46.17,45.73,45.88,44.7253,15415500
2018-09-28,45.62,47.75,45.46,47.29,46.0998,46223500
2018-10-01,46.79,47.22,46.2,46.45,45.281,23796200
2018-10-02,47.51,48.88,47.32,48.1,46.8894,42121100
2018-10-03,48.62,49.72,48.56,48.76,47.5329,39211900
2018-10-04,48.84,48.86,47.62,48.13,46.9186,30108300
2018-10-05,48.23,48.34,46.66,47.03,45.8464,28901400
2018-10-08,46.96,47.35,46.52,47.03,45.8464,19376800
2018-10-09,47.18,47.62,46.54,46.55,45.3784,23285700
2018-10-10,46.06,46.12,44.8,44.8,43.6724,43109500
2018-10-11,45.15,45.61,43.73,44.23,43.1168,43648800
2018-10-12,45.27,45.34,44.23,44.88,43.7504,32087400
2018-10-15,44.63,45.14,44.44,44.53,43.4093,21633000
2018-10-16,44.9,46.01,44.83,45.94,44.7837,21472000
2018-10-17,46,46.33,45.54,45.89,44.7351,23124400
2018-10-18,45.65,45.75,44.83,44.97,43.8382,26638800
2018-10-19,45.02,45.18,43.86,44,42.8926,28368500
2018-10-22,44.5,45.34,44.1,45.01,43.8773,34508800
2018-10-23,44.18,45.09,43.91,44.5,43.3801,38590300
2018-10-24,44.16,44.36,42.36,42.42,41.3524,33631800
2018-10-25,43.54,44.94,43.28,44.31,43.1948,48255300
2018-10-26,45.59,46.44,44.7,45.69,44.5401,67280400
2018-10-29,46.5,46.75,44.44,45.4,44.2574,35732200
2018-10-30,45.53,47.88,45.46,47.76,46.5581,43975200
2018-10-31,48.29,48.56,46.83,46.88,45.7001,33369100
2018-11-01,46.95,48.47,46.86,48.22,47.0064,28335300
2018-11-02,48.13,48.25,46.75,47.11,45.9243,30759800
2018-11-05,47.34,48.25,46.92,47.97,46.7627,23751200
2018-11-06,47.8,47.92,47.03,47.25,46.3507,23839600
2018-11-07,47.63,48.75,47.59,48.72,47.7927,29913200
2018-11-08,48.49,49.29,48.46,48.99,48.0575,26581700
2018-11-09,48.79,49.03,47.87,48.11,47.1944,21761400
2018-11-12,47.71,47.8,46.6,46.65,45.7621,24412800
2018-11-13,46.99,48.25,46.99,47.39,46.488,29315900
2018-11-14,47.85,47.97,46.89,47.09,46.1937,25632700
2018-11-15,47.01,48.24,46.72,48.11,47.1944,29581000
2018-11-16,47.77,49.05,47.69,48.83,47.9006,31670600
2018-11-19,48.61,49.15,47.78,48,47.0865,26859000
2018-11-20,47.4,48.12,47.09,47.39,46.488,29200800
2018-11-21,47.85,47.88,47.02,47.03,46.1349,19011400
2018-11-23,46.69,47.07,46.52,46.54,45.6543,8906900
2018-11-26,47.27,47.46,46.7,47.45,46.5468,20723000
2018-11-27,46.94,48.22,46.59,48.07,47.155,27621000
2018-11-28,47.94,48.88,47.65,48.86,47.93,28003200
2018-11-29,48.49,48.56,47.63,47.7,46.7922,23592500
2018-11-30,47.95,49.32,47.56,49.31,48.3715,43313700
2018-12-03,50,50.5,49.53,50.13,49.1758,30870400
2018-12-04,49.52,49.6,47.68,47.75,46.8411,35397700
2018-12-06,46.8,48.39,46.52,48.37,47.4493,31661700
2018-12-07,47.94,48.06,46.23,46.24,45.3598,34016400
2018-12-10,46.28,47.46,46.01,47.21,46.3114,23289000
2018-12-11,47.9,48.59,47.13,47.38,46.4783,23851000
2018-12-12,48.58,48.64,47.41,47.83,46.9196,31305000
2018-12-13,48.26,48.58,47.86,48.29,47.3709,19526000
2018-12-14,47.89,48.76,47.85,47.86,46.949,26372100
2018-12-17,47.86,48.41,46.66,47.08,46.184,26598700
2018-12-18,47.47,48.45,47.36,47.74,46.8314,29014300
2018-12-19,47.49,47.73,45.38,45.57,44.7027,39717600
2018-12-20,45.41,46.31,45.01,45.54,44.6733,37750900
2018-12-21,45.75,46.65,44.8,44.84,43.9866,52768300
2018-12-24,44.63,45.17,43.54,43.59,42.7603,19241600
2018-12-26,44,46.2,43.51,46.19,45.3109,28677600
2018-12-27,45.62,46.38,44.67,46.36,45.4776,29970700
2018-12-28,46.51,47.74,46.3,46.75,45.8602,24758700
2018-12-31,47.09,47.48,46.55,46.93,46.0368,20490400
2019-01-02,45.96,47.47,45.77,47.08,46.184,18774600
2019-01-03,46.15,46.28,44.39,44.49,43.6432,32267300
2019-01-04,45.84,47.57,45.54,47.22,46.3213,35447300
2019-01-07,47.1,48,46.75,47.44,46.5371,22736800
2019-01-08,47.8,48.03,46.78,47.74,46.8314,22749200
2019-01-09,47.96,48.57,47.78,48.01,47.0962,22554500
2019-01-10,47.75,48.65,47.41,48.56,47.6357,27202600
2019-01-11,48.1,49.29,48.05,48.93,47.9987,21751300
2019-01-14,48.46,48.83,48.3,48.35,47.4298,19193900
2019-01-15,48.71,49.13,48.44,48.6,47.675,22480800
2019-01-16,48.6,48.89,48.08,48.13,47.2139,19057700
2019-01-17,48,48.84,47.91,48.47,47.5475,17448700
2019-01-18,49.11,49.38,48.69,49.19,48.2538,29874600
2019-01-22,48.96,48.98,47.87,48.27,47.3513,25940700
2019-01-23,48.41,48.8,47.52,47.94,47.0275,18960700
2019-01-24,48.7,50.04,48.6,49.76,48.8129,50578300
2019-01-25,46.85,47.43,45.75,47.04,46.1446,86455700
2019-01-28,46.13,46.73,46.05,46.71,45.8209,35928700
2019-01-29,46.78,46.97,46.33,46.54,45.6543,20988300
2019-01-30,46.68,47.68,46.45,47.54,46.6352,26931700
2019-01-31,46.7,47.18,46.1,47.12,46.2231,43051300
2019-02-01,47.06,49.05,47.01,48.73,47.8026,37442900
2019-02-04,48.62,49.24,48.24,49.22,48.2832,20905000
2019-02-05,49.18,50.72,49.18,50.01,49.0582,31641600
2019-02-06,49.95,50.64,49.82,49.9,49.2605,21647800
2019-02-07,49.5,49.85,48.68,49.23,48.5991,27825900
2019-02-08,48.77,49.02,48.01,48.84,48.2141,18851200
2019-02-11,49.02,49.32,48.58,48.77,48.145,18004100
2019-02-12,49.36,50.14,49.27,50.01,49.3691,18050100
2019-02-13,50.13,50.81,50,50.47,49.8232,17712800
2019-02-14,50.41,51.04,50.35,50.81,50.1588,17545400
2019-02-15,51.25,51.67,51.09,51.66,50.998,22520400
2019-02-19,51.35,51.71,51.34,51.4,50.7413,15611800
2019-02-20,51.63,51.73,51.06,51.39,50.7315,21607700
2019-02-21,51.32,51.84,51.21,51.41,50.7511,16162100
2019-02-22,52.7,52.98,52.06,52.49,51.8173,31934100
2019-02-25,53.06,53.61,52.86,53.1,52.4195,20711800
2019-02-26,53.01,53.37,52.91,53.23,52.5478,16082200
2019-02-27,52.76,53.38,52.51,53.24,52.5577,17590300
2019-02-28,52.92,53.18,52.81,52.96,52.2813,18388800
2019-03-01,53.44,53.68,52.89,53.3,52.6169,18359300
2019-03-04,53.75,54.1,53.21,53.94,53.2488,21706100
2019-03-05,53.85,53.99,53.11,53.68,52.9921,21057700
2019-03-06,53.63,53.65,52.94,52.95,52.2715,14740500
2019-03-07,52.77,52.99,52.36,52.6,51.9259,17803000
2019-03-08,51.97,52.56,51.7,52.48,51.8075,16793900
2019-03-11,52.88,53.65,52.57,53.35,52.6663,18963000
2019-03-12,53.34,53.96,53.18,53.57,52.8834,20782100
2019-03-13,54,54.57,53.65,54.37,53.6732,25522300
2019-03-14,54.3,54.45,53.33,53.44,52.7551,26647100
2019-03-15,53.68,54.69,53.68,54.33,53.6338,46512500
2019-03-18,54.42,54.51,53.87,54.1,53.4067,16274000
2019-03-19,54.47,54.65,54,54.17,53.4758,18274800
2019-03-20,54.06,54.4,53.61,53.82,53.1303,24325300
2019-03-21,53.92,54.99,53.84,54.64,53.9398,19127200
2019-03-22,54.4,54.62,53.21,53.26,52.5775,21438400
2019-03-25,52.97,53.55,52.38,52.78,52.1036,16971400
2019-03-26,53.32,53.77,53.04,53.44,52.7551,17724300
2019-03-27,53.59,53.86,52.94,53.16,52.4788,19656000
2019-03-28,53.25,53.44,52.77,53.11,52.4294,13607900
2019-03-29,53.8,54.04,53.48,53.7,53.0118,18736100
2019-04-01,54.34,54.57,54.1,54.51,53.8115,17830400
2019-04-02,54.53,54.8,54.23,54.36,53.6634,13704500
2019-04-03,55.03,55.99,54.89,55.48,54.769,24552800
2019-04-04,55.27,56.14,55.27,55.92,55.2034,16520500
2019-04-05,55.75,55.95,54.87,55.6,54.8875,19268400
2019-04-08,55.28,55.74,55.2,55.68,54.9665,11758800
2019-04-09,55.35,55.43,54.9,55.32,54.6111,13339700
2019-04-10,55.32,55.86,55.32,55.75,55.0355,13084000
2019-04-11,55.76,56.07,55.63,55.8,55.0849,10845800
2019-04-12,56.21,56.49,55.84,56.42,55.697,12910200
2019-04-15,56.46,56.56,55.92,56.28,55.5588,11676900
2019-04-16,56.66,57.47,56.07,56.71,55.9832,30301900
2019-04-17,58.44,59.59,58.12,58.56,57.8096,38788400
2019-04-18,58.71,58.88,58.12,58.49,57.7405,20464200
2019-04-22,58.15,58.83,57.88,58.82,58.0663,12327500
2019-04-23,58.89,58.98,58.5,58.78,58.0267,17739900
2019-04-24,58.52,59.29,58.14,58.72,57.9675,17723700
2019-04-25,58.3,58.38,57.23,57.61,56.8717,27949900
2019-04-26,52.74,53.09,51.52,52.43,51.7581,72364500
2019-04-29,52.17,52.43,51,51.11,50.455,42142300
2019-04-30,51,51.43,50.87,51.04,50.3859,27130900
2019-05-01,51.1,51.6,50.74,50.76,50.1095,20467600
2019-05-02,50.8,51.33,50.12,50.55,49.9022,22655400
2019-05-03,51.08,51.82,50.73,51.75,51.0868,25656600
2019-05-06,50.25,51.28,50.19,51.22,50.8765,26245200
2019-05-07,50.6,50.88,49.93,50.48,50.1415,29713400
2019-05-08,50.2,50.79,49.07,49.24,48.9098,36812400
2019-05-09,47.9,48.29,46.05,46.62,46.3073,59642200
2019-05-10,46.44,46.8,45.1,46.2,45.8902,42522800
2019-05-13,45.33,45.64,44.7,44.76,44.4598,39091900
2019-05-14,45.18,45.49,44.87,45.17,44.8671,24706500
2019-05-15,44.92,45.75,44.76,45.62,45.3141,23407900
2019-05-16,45.47,45.95,45.42,45.53,45.2247,19954700
2019-05-17,45.18,45.73,44.76,44.89,44.5889,22500400
2019-05-20,44,44.52,43.45,43.56,43.2679,28675000
2019-05-21,44.34,44.78,44.18,44.46,44.1618,25543400
2019-05-22,44.15,44.46,43.85,44,43.7049,16932500
2019-05-23,43.37,44.74,42.86,44.53,44.2314,35783900
2019-05-24,44.59,45.05,44.49,44.57,44.2711,27168100
2019-05-28,44.66,44.69,43.3,43.57,43.2778,34779900
2019-05-29,43.35,44.53,43.33,44.23,43.9334,28450300
2019-05-30,44.3,45.03,44.23,44.73,44.43,21618900
2019-05-31,44.18,44.97,43.93,44.04,43.7446,25532500
2019-06-03,44.25,44.59,43.2,43.46,43.1685,31155700
2019-06-04,44.16,44.86,43.77,44.79,44.4896,28094900
2019-06-05,45.11,45.18,44.19,44.55,44.2512,20802000
2019-06-06,44.75,45.17,44.51,45.1,44.7975,19076200
2019-06-07,45.25,46.12,45.1,46.03,45.7213,24370300
2019-06-10,46.23,47.19,46.2,46.8,46.4861,20806100
2019-06-11,47.26,47.32,46.52,46.85,46.5358,18415500
2019-06-12,46.67,46.67,46.25,46.32,46.0094,15900600
2019-06-13,46.6,46.96,46.53,46.7,46.3868,12267600
2019-06-14,45.83,46.42,45.55,46.19,45.8802,15381100
2019-06-17,46.14,46.53,45.8,46.13,45.8206,12643300
2019-06-18,46.75,48,46.6,47.37,47.0523,25732300
2019-06-19,47.48,47.58,47,47.07,46.7543,17436400
2019-06-20,47.87,48.05,46.87,47.19,46.8735,20126800
2019-06-21,46.95,47.73,46.8,47.46,47.1417,31096300
2019-06-24,47.4,47.85,47.17,47.63,47.3106,14479900
2019-06-25,47.56,47.68,46.8,46.85,46.5358,16665600
2019-06-26,47.65,48.48,47.56,48.19,47.8668,21886300
2019-06-27,48.15,48.42,47.24,47.46,47.1417,23062900
2019-06-28,47.77,48.2,47.68,47.87,47.549,26646200
2019-07-01,49.29,49.45,47.75,48.05,47.7278,27505400
2019-07-02,47.91,48.22,47.69,48.12,47.7973,15381600
2019-07-03,48.18,48.56,48,48.52,48.1946,10739100
2019-07-05,48.03,48.18,47.44,48.08,47.7576,14339200
2019-07-08,47.62,47.95,47.07,47.82,47.4993,16564300
2019-07-09,47.36,47.8,47.13,47.75,47.4298,17853200
2019-07-10,47.92,48.61,47.9,48.21,47.8867,16032300
2019-07-11,48.56,48.78,48.31,48.6,48.2741,16615100
2019-07-12,49,49.93,48.81,49.92,49.5852,20148700
2019-07-15,50,50.25,49.77,50.12,49.7839,14345100
2019-07-16,49.91,50,48.96,49.17,48.8402,17131400
2019-07-17,49.5,49.7,49.24,49.39,49.0588,11928600
2019-07-18,49.28,49.99,48.89,49.94,49.6051,15679600
2019-07-19,49.96,50.66,49.91,50.27,49.9329,29141100
2019-07-22,50.01,51.52,49.89,51.35,51.0056,21688000
2019-07-23,52,52,51.3,51.75,51.4029,18413500
2019-07-24,51.98,52.97,51.8,52.92,52.5651,20896400
2019-07-25,52.51,52.6,51.88,52.16,51.8102,27765400
2019-07-26,52.69,53.5,51.53,51.59,51.244,36401500
2019-07-29,51.53,52.56,50.78,52.51,52.1578,21897500
2019-07-30,51.71,52.31,51.56,51.7,51.3533,16487700
2019-07-31,51.51,51.72,50.05,50.55,50.211,24169800
2019-08-01,50.52,51.89,49.47,49.5,49.168,34020800
2019-08-02,49.09,49.36,48.5,48.68,48.3535,27881600
2019-08-05,47.76,47.96,46.57,46.97,46.655,38936600
2019-08-06,47.15,47.56,46.77,46.96,46.96,26119600
2019-08-07,46.3,46.88,45.97,46.73,46.73,29440393
2019-08-08,46.16,47.365,45.91,47.17,47.17,30643740
2019-08-09,46.94,47,45.78,45.98,45.98,24975455
2019-08-12,45.76,46.07,45.44,45.6,45.6,18490300
2019-08-13,45.49,47.05,45.36,46.84,46.84,28959500
2019-08-14,46.06,46.63,45.65,45.87,45.87,25650200
2019-08-15,46.1,46.18,45.44,45.7,45.7,21896000
2019-08-16,46.34,46.68,46.06,46.5,46.5,22701800
2019-08-19,47.46,47.6,47.04,47.23,47.23,21403600
2019-08-20,47.03,47.12,46.46,46.6,46.6,23113300
2019-08-21,47.11,47.29,46.89,47.15,47.15,15915000
2019-08-22,47.28,47.43,46.69,46.78,46.78,19783000
2019-08-23,46.35,46.63,44.8,44.96,44.96,32814000
2019-08-26,45.82,45.82,45.25,45.56,45.56,22080500
2019-08-27,45.87,46.12,45.5,45.79,45.79,16925500
2019-08-28,45.7,45.91,45.37,45.79,45.79,14888800
2019-08-29,46.46,47.22,46.4,46.87,46.87,17803800
2019-08-30,47.24,47.79,47.16,47.41,47.41,16922600
2019-09-03,47.12,47.22,46.5,46.98,46.98,15003800
2019-09-04,47.56,48.95,47.54,48.92,48.92,23450700
2019-09-05,49.93,51.17,49.87,50.1,50.1,30014200
2019-09-06,50.25,50.99,50.07,50.92,50.92,17064000
2019-09-09,51.06,52.03,51.02,51.59,51.59,20749700
2019-09-10,51.33,51.84,50.83,51.82,51.82,18532000
2019-09-11,51.6,52.79,51.38,52.79,52.79,18968900
2019-09-12,53,53.33,52.07,53.01,53.01,23308700
2019-09-13,52.76,53,52.23,52.54,52.54,17697300
2019-09-16,51.9,52.29,51.7,52.2,52.2,13354600
2019-09-17,52.05,52.14,51.35,51.95,51.95,19641100
2019-09-18,52.13,52.13,51.16,51.74,51.74,14906800
2019-09-19,51.7,51.99,51.5,51.57,51.57,11428400
2019-09-20,51.6,51.88,50.56,50.72,50.72,37067900
2019-09-23,50.83,51.23,50.39,50.9,50.9,18916600
2019-09-24,51.1,51.18,49.64,49.82,49.82,28197400
2019-09-25,49.75,51.21,49.42,51.02,51.02,19486700
2019-09-26,50.98,51.15,50.34,50.92,50.92,11351800
2019-09-27,50.63,51.22,50.34,50.78,50.78,14845700
2019-09-30,51.19,51.6,50.94,51.53,51.53,13652100
2019-10-01,51.97,52.24,50.43,50.76,50.76,18413100
2019-10-02,50.31,50.37,48.98,49.39,49.39,20078700
2019-10-03,49.5,50.07,48.53,50.03,50.03,16320100
2019-10-04,50.35,50.97,50.03,50.92,50.92,12644900
2019-10-07,50.7,51.23,50.56,50.62,50.62,12081400
2019-10-08,50.16,50.48,49.61,49.73,49.73,17409100
2019-10-09,50.47,50.79,50.15,50.48,50.48,11834900
2019-10-10,50.41,51.78,50.4,51.11,51.11,13907900
2019-10-11,52,52.79,51.82,52.09,52.09,24072500
138898